z,rho_adaptive,rho_uniform,delta_rho,eloc_adaptive,eloc_uniform,delta_eloc
-2.299999952316284,0.0017560337437316775,0.0018709709402173758,-0.00011493719648569822,-0.0012402025749906898,-0.0013272982323542237,8.709565736353397e-05
-2.2924997806549072,0.0017947172746062279,0.0019055675948038697,-0.00011085032019764185,-0.0012735327472910285,-0.0013564858818426728,8.295313455164433e-05
-2.2850000858306885,0.0018333983607590199,0.001940162037499249,-0.00010676367674022913,-0.0013068609405308962,-0.0013856715522706509,7.881061173975468e-05
-2.2774999141693115,0.0018720817752182484,0.001974758692085743,-0.00010267691686749458,-0.001340191112831235,-0.0014148592017591,7.466808892786503e-05
-2.2699999809265137,0.0019107641419395804,0.002009354066103697,-9.858992416411638e-05,-0.0013735202373936772,-0.0014440459199249744,7.052568253129721e-05
-2.262500047683716,0.0019494463922455907,0.0020439496729522943,-9.450328070670366e-05,-0.0014068493619561195,-0.001473232638090849,6.638327613472939e-05
-2.254999876022339,0.001988129923120141,0.0020785462111234665,-9.041628800332546e-05,-0.0014401796506717801,-0.0015024201711639762,6.224052049219608e-05
-2.247499704360962,0.0020268133375793695,0.0021131427492946386,-8.632941171526909e-05,-0.0014735098229721189,-0.0015316078206524253,5.8097997680306435e-05
-2.240000009536743,0.0020654944237321615,0.002147737191990018,-8.224276825785637e-05,-0.0015068378997966647,-0.0015607936074957252,5.395570769906044e-05
-2.232499837875366,0.00210417783819139,0.00218233373016119,-7.81558919698e-05,-0.0015401680720970035,-0.0015899812569841743,4.981318488717079e-05
-2.2249999046325684,0.0021428600884974003,0.0022169293370097876,-7.406924851238728e-05,-0.0015734973130747676,-0.001619167858734727,4.5670545659959316e-05
-2.2174999713897705,0.002181542571634054,0.002251524943858385,-6.99823722243309e-05,-0.00160682643763721,-0.0016483545769006014,4.1528139263391495e-05
-2.2100000381469727,0.0022202248219400644,0.002286120317876339,-6.589549593627453e-05,-0.0016401555621996522,-0.0016775412950664759,3.738573286682367e-05
-2.2024998664855957,0.002258908236399293,0.002320716856047511,-6.180861964821815e-05,-0.001673485734499991,-0.001706728944554925,3.3243210054934025e-05
-2.194999933242798,0.002297590486705303,0.0023553124628961086,-5.7721976190805435e-05,-0.0017068148590624332,-0.0017359155463054776,2.9100687243044376e-05
-2.1875,0.0023362727370113134,0.0023899078369140625,-5.363509990274906e-05,-0.0017401441000401974,-0.001765102264471352,2.4958164431154728e-05
-2.179999828338623,0.0023749563843011856,0.0024245046079158783,-4.954822361469269e-05,-0.0017734742723405361,-0.0017942899139598012,2.081564161926508e-05
-2.172499895095825,0.002413638634607196,0.002459099981933832,-4.5461347326636314e-05,-0.0018068033969029784,-0.0018234766321256757,1.6673235222697258e-05
-2.1649999618530273,0.002452320884913206,0.0024936955887824297,-4.1374703869223595e-05,-0.0018401325214654207,-0.0018526632338762283,1.253071241080761e-05
-2.1575000286102295,0.0024910031352192163,0.0025341343134641647,-4.313117824494839e-05,-0.0018734617624431849,-0.001888031023554504,1.4569261111319065e-05
-2.1500000953674316,0.0025296853855252266,0.0025862588081508875,-5.6573422625660896e-05,-0.0019067908870056272,-0.001935760141350329,2.8969254344701767e-05
-2.1424999237060547,0.002568368799984455,0.0026383851654827595,-7.001636549830437e-05,-0.001940121059305966,-0.0019834907725453377,4.3369713239371777e-05
-2.135000228881836,0.002607049886137247,0.0026905080303549767,-8.345814421772957e-05,-0.0019734492525458336,-0.0020312184933573008,5.776924081146717e-05
-2.127500057220459,0.0026457335334271193,0.0027426343876868486,-9.690085425972939e-05,-0.0020067794248461723,-0.0020789492409676313,7.216981612145901e-05
-2.119999885559082,0.0026844169478863478,0.002794760512188077,-0.0001103435643017292,-0.002040109597146511,-0.0021266797557473183,8.657015860080719e-05
-2.112499952316284,0.002723099198192358,0.0028468852397054434,-0.00012378604151308537,-0.002073438838124275,-0.0021744088735431433,0.00010097003541886806
-2.1050000190734863,0.0027617814484983683,0.002899009734392166,-0.00013722828589379787,-0.0021067678462713957,-0.002222138224169612,0.00011537037789821625
-2.0974998474121094,0.0028004648629575968,0.002951136091724038,-0.00015067122876644135,-0.0021400980185717344,-0.002269868738949299,0.00012977072037756443
-2.0899999141693115,0.0028391473460942507,0.003003260586410761,-0.0001641132403165102,-0.0021734272595494986,-0.002317597856745124,0.0001441705971956253
-2.0824999809265137,0.002889531198889017,0.0030553853139281273,-0.00016585411503911018,-0.0022194879129529,-0.0023653272073715925,0.0001458392944186926
-2.0749998092651367,0.0029516795184463263,0.0031075116712599993,-0.00015583215281367302,-0.002278347499668598,-0.0024130577221512794,0.00013471022248268127
-2.067500114440918,0.0030138238798826933,0.0031596345361322165,-0.00014581065624952316,-0.002337203361093998,-0.0024607854429632425,0.00012358208186924458
-2.059999942779541,0.003075971966609359,0.0032117608934640884,-0.00013578892685472965,-0.002396062947809696,-0.002508516190573573,0.00011245324276387691
-2.052500009536743,0.003138118190690875,0.003263885388150811,-0.00012576719745993614,-0.002454920671880245,-0.002556245308369398,0.00010132463648915291
-2.0450000762939453,0.0032002644147723913,0.003316009882837534,-0.00011574546806514263,-0.0025137783959507942,-0.002603974426165223,9.01960302144289e-05
-2.0374999046325684,0.0032624127343297005,0.003368136240169406,-0.00010572350583970547,-0.0025726379826664925,-0.0026517051737755537,7.906719110906124e-05
-2.0299997329711914,0.0033245610538870096,0.003420262597501278,-9.57015436142683e-05,-0.0026314975693821907,-0.0026994356885552406,6.793811917304993e-05
-2.0225000381469727,0.003386705182492733,0.003472385462373495,-8.56802798807621e-05,-0.0026903534308075905,-0.0027471634093672037,5.680997855961323e-05
-2.0149998664855957,0.003448853502050042,0.003524511819705367,-7.565831765532494e-05,-0.0027492130175232887,-0.0027948941569775343,4.568113945424557e-05
-2.007499933242798,0.0035109997261315584,0.00357663631439209,-6.563658826053143e-05,-0.0028080707415938377,-0.0028426232747733593,3.455253317952156e-05
-2.0,0.0035731459502130747,0.0036287610419094563,-5.561509169638157e-05,-0.0028669284656643867,-0.0028903523925691843,2.3423926904797554e-05
-1.9925000667572021,0.003635292174294591,0.003680885536596179,-4.559336230158806e-05,-0.0029257861897349358,-0.0029380815103650093,1.2295320630073547e-05
-1.9850000143051147,0.0036974395625293255,0.0037330109626054764,-3.5571400076150894e-05,-0.0029846448451280594,-0.002985811559483409,1.1667143553495407e-06
-1.9774999618530273,0.0037595867179334164,0.003794050309807062,-3.446359187364578e-05,-0.0030435037333518267,-0.0030439661350101233,4.624016582965851e-07
-1.9699997901916504,0.0038217350374907255,0.003872913308441639,-5.117827095091343e-05,-0.003102363320067525,-0.003122965106740594,2.0601786673069e-05
-1.962499976158142,0.0038838800974190235,0.003951772581785917,-6.789248436689377e-05,-0.0031612201128154993,-0.0032019605860114098,4.0740473195910454e-05
-1.9549999237060547,0.003946027252823114,0.004030634183436632,-8.460693061351776e-05,-0.003220078768208623,-0.003280958393588662,6.0879625380039215e-05
-1.9474999904632568,0.004008173476904631,0.004109494853764772,-0.00010132137686014175,-0.003278936492279172,-0.0033599548041820526,8.101831190288067e-05
-1.9399999380111694,0.004070321097970009,0.004188356455415487,-0.00011803535744547844,-0.0033377951476722956,-0.0034389528445899487,0.00010115769691765308
-1.9325001239776611,0.0041324663907289505,0.004267215728759766,-0.00013474933803081512,-0.00339665194042027,-0.003517948091030121,0.00012129615060985088
-1.9249999523162842,0.004194614477455616,0.004346078727394342,-0.00015146424993872643,-0.003455511527135968,-0.0035969470627605915,0.0001414355356246233
-1.9174998998641968,0.004256761632859707,0.004424940329045057,-0.00016817869618535042,-0.003514370182529092,-0.003675944870337844,0.00016157468780875206
-1.9100000858306885,0.0043189069256186485,0.004503799602389336,-0.0001848926767706871,-0.0035732269752770662,-0.0037549403496086597,0.0001817133743315935
-1.9024999141693115,0.004381055012345314,0.004582662601023912,-0.0002016075886785984,-0.0036320865619927645,-0.0038339393213391304,0.00020185275934636593
-1.8949998617172241,0.004457124508917332,0.004661524202674627,-0.0002043996937572956,-0.0037078349851071835,-0.0039129373617470264,0.000205102376639843
-1.8874998092651367,0.0045509496703743935,0.004740385804325342,-0.00018943613395094872,-0.0038051235023885965,-0.003991934936493635,0.00018681143410503864
-1.8799998760223389,0.004644773434847593,0.0048192464746534824,-0.00017447303980588913,-0.0039024101570248604,-0.004070931579917669,0.00016852142289280891
-1.8724998235702515,0.004738598130643368,0.004898108076304197,-0.00015950994566082954,-0.00399969844147563,-0.004149929154664278,0.00015023071318864822
-1.8650000095367432,0.004832420032471418,0.004976967349648476,-0.00014454731717705727,-0.004096983931958675,-0.0042289248667657375,0.00013194093480706215
-1.8574998378753662,0.004926246590912342,0.0050558303482830524,-0.00012958375737071037,-0.004194273613393307,-0.004307923838496208,0.00011365022510290146
-1.850000023841858,0.00502006895840168,0.0051346891559660435,-0.00011462019756436348,-0.004291559103876352,-0.00438691908493638,9.535998106002808e-05
-1.8424999713897705,0.0051138936541974545,0.005213551223278046,-9.96575690805912e-05,-0.004388847388327122,-0.004465916659682989,7.706927135586739e-05
-1.8349997997283936,0.005207720212638378,0.0052924142219126225,-8.469400927424431e-05,-0.00448613753542304,-0.004544916097074747,5.8778561651706696e-05
-1.8274999856948853,0.005301542580127716,0.0053712730295956135,-6.973044946789742e-05,-0.004583422560244799,-0.004623911343514919,4.048878327012062e-05
-1.8199999332427979,0.0053953672759234905,0.005450135096907616,-5.476782098412514e-05,-0.004680710844695568,-0.004702908918261528,2.219807356595993e-05
-1.8124998807907104,0.005489192437380552,0.0055289966985583305,-3.9804261177778244e-05,-0.0047779991291463375,-0.004781906958669424,3.907829523086548e-06
-1.8050000667572021,0.005583014339208603,0.005607855971902609,-2.4841632694005966e-05,-0.004875284619629383,-0.004860902205109596,-1.4382414519786835e-05
-1.7974998950958252,0.005676840897649527,0.0057003917172551155,-2.3550819605588913e-05,-0.0049725743010640144,-0.004957784898579121,-1.4789402484893799e-05
-1.790000081062317,0.005770662799477577,0.005820263642817736,-4.960084334015846e-05,-0.00506985979154706,-0.005090423859655857,2.0564068108797073e-05
-1.7825000286102295,0.005864487960934639,0.005940139293670654,-7.565133273601532e-05,-0.0051671480759978294,-0.005223067011684179,5.591893568634987e-05
-1.7750000953674316,0.0059583112597465515,0.006060013081878424,-0.00010170182213187218,-0.005264434963464737,-0.005355707835406065,9.127287194132805e-05
-1.7675000429153442,0.006052136421203613,0.00617988919839263,-0.00012775277718901634,-0.005361723247915506,-0.005488350987434387,0.00012662773951888084
-1.7599999904632568,0.006145961582660675,0.006299764849245548,-0.0001538032665848732,-0.005459011532366276,-0.005620994139462709,0.00016198260709643364
-1.7524998188018799,0.006239788141101599,0.006419642362743616,-0.00017985422164201736,-0.0055563016794621944,-0.005753639154136181,0.00019733747467398643
-1.7450000047683716,0.006333610042929649,0.006539514288306236,-0.00020590424537658691,-0.005653586704283953,-0.005886278115212917,0.00023269141092896461
-1.7374999523162842,0.006427435204386711,0.006659389939159155,-0.00023195473477244377,-0.0057508754543960094,-0.0060189212672412395,0.0002680458128452301
-1.7299997806549072,0.0065477155148983,0.00677926791831851,-0.00023155240342020988,-0.005883973091840744,-0.006151566281914711,0.000267593190073967
-1.722499966621399,0.006685556843876839,0.00689913984388113,-0.00021358300000429153,-0.006040842738002539,-0.0062842052429914474,0.00024336250498890877
-1.7150001525878906,0.006823398172855377,0.00701901176944375,-0.00019561359658837318,-0.006197712849825621,-0.006416843738406897,0.00021913088858127594
-1.7074999809265137,0.006961246021091938,0.007138889282941818,-0.00017764326184988022,-0.006354589946568012,-0.006549489218741655,0.0001948992721736431
-1.6999999284744263,0.007099091541022062,0.007258764933794737,-0.00015967339277267456,-0.006511464715003967,-0.006682132370769978,0.00017066765576601028
-1.692500114440918,0.007236932870000601,0.007378636859357357,-0.0001417039893567562,-0.006668334826827049,-0.006814770866185427,0.00014643603935837746
-1.684999942779541,0.007374781183898449,0.007498514838516712,-0.00012373365461826324,-0.006825211923569441,-0.0069474163465201855,0.00012220442295074463
-1.6774998903274536,0.007512626703828573,0.007618390489369631,-0.00010576378554105759,-0.006982086692005396,-0.00708005903288722,9.79723408818245e-05
-1.6699998378753662,0.007650472689419985,0.0077382661402225494,-8.779345080256462e-05,-0.007138961926102638,-0.007212702184915543,7.374025881290436e-05
-1.6624999046325684,0.0077883158810436726,0.007858140394091606,-6.982451304793358e-05,-0.0072958339005708694,-0.007345343008637428,4.950910806655884e-05
-1.654999852180481,0.007926161400973797,0.007978015579283237,-5.185417830944061e-05,-0.007452709134668112,-0.0074779861606657505,2.5277025997638702e-05
-1.6475000381469727,0.00806400366127491,0.008097887970507145,-3.3884309232234955e-05,-0.0076095787808299065,-0.007610625121742487,1.0463409125804901e-06
-1.6399998664855957,0.00820185150951147,0.008217765018343925,-1.591350883245468e-05,-0.007766456343233585,-0.007743270136415958,-2.3186206817626953e-05
-1.6325000524520874,0.00833969283849001,0.008337637409567833,2.055428922176361e-06,-0.007923326455056667,-0.007875909097492695,-4.741735756397247e-05
-1.625,0.008477537892758846,0.008457513526082039,2.0024366676807404e-05,-0.008080201223492622,-0.00800855178385973,-7.164943963289261e-05
-1.617499828338623,0.008615386672317982,0.008598502725362778,1.688394695520401e-05,-0.008237077854573727,-0.008172537200152874,-6.454065442085266e-05
-1.6100000143051147,0.00875322800129652,0.00878168921917677,-2.8461217880249023e-05,-0.008393947966396809,-0.008399165235459805,5.217269062995911e-06
-1.6024999618530273,0.008891073055565357,0.008964882232248783,-7.38091766834259e-05,-0.008550822734832764,-0.008625800721347332,7.497798651456833e-05
-1.5949997901916504,0.009028920903801918,0.009148077107965946,-0.00011915620416402817,-0.008707700297236443,-0.008852439001202583,0.00014473870396614075
-1.587499976158142,0.009166762232780457,0.009331263601779938,-0.0001645013689994812,-0.008864570409059525,-0.009079067036509514,0.00021449662744998932
-1.5799999237060547,0.009304608218371868,0.009514456614851952,-0.00020984839648008347,-0.00902144517749548,-0.009305702522397041,0.00028425734490156174
-1.5725001096725464,0.009456569328904152,0.009697643108665943,-0.00024107377976179123,-0.009199907071888447,-0.009532330557703972,0.00033242348581552505
-1.565000057220459,0.009658207185566425,0.009880836121737957,-0.00022262893617153168,-0.009454340673983097,-0.009758965112268925,0.00030462443828582764
-1.5575001239776611,0.009859842248260975,0.010064025409519672,-0.0002041831612586975,-0.009708769619464874,-0.009985596872866154,0.00027682725340127945
-1.5500000715255737,0.010061480104923248,0.010247217491269112,-0.00018573738634586334,-0.00996320229023695,-0.010212232358753681,0.00024903006851673126
-1.5425000190734863,0.010263118892908096,0.010430410504341125,-0.00016729161143302917,-0.010217634961009026,-0.010438866913318634,0.00022123195230960846
-1.5349998474121094,0.010464760474860668,0.010613605380058289,-0.0001488449051976204,-0.010472072288393974,-0.01066550612449646,0.00019343383610248566
-1.527500033378601,0.01066639181226492,0.010796792805194855,-0.00013040099292993546,-0.010726497508585453,-0.01089213415980339,0.00016563665121793747
-1.5199999809265137,0.010868029668927193,0.010979984886944294,-0.00011195521801710129,-0.010980930179357529,-0.011118768714368343,0.00013783853501081467
-1.5124999284744263,0.01106966845691204,0.011163177900016308,-9.350944310426712e-05,-0.011235362850129604,-0.01134540420025587,0.00011004135012626648
-1.5049999952316284,0.01127130351960659,0.011346367187798023,-7.506366819143295e-05,-0.011489791795611382,-0.0115720359608531,8.224416524171829e-05
-1.497499942779541,0.011472941376268864,0.011529559269547462,-5.6617893278598785e-05,-0.011744224466383457,-0.011798670515418053,5.444604903459549e-05
-1.4899998903274536,0.011674579232931137,0.011712752282619476,-3.8173049688339233e-05,-0.011998658068478107,-0.01202530600130558,2.6647932827472687e-05
-1.4824999570846558,0.011876214295625687,0.011895941570401192,-1.9727274775505066e-05,-0.012253087013959885,-0.01225193776190281,-1.1492520570755005e-06
-1.4749999046325684,0.012077853083610535,0.012079134583473206,-1.2814998626708984e-06,-0.01250751968473196,-0.012478572316467762,-2.8947368264198303e-05
-1.4674999713897705,0.012279488146305084,0.012262323871254921,1.716427505016327e-05,-0.012761948630213737,-0.012705204077064991,-5.674455314874649e-05
-1.4600000381469727,0.012481123208999634,0.012445513159036636,3.5610049962997437e-05,-0.013016377575695515,-0.01293183583766222,-8.454173803329468e-05
-1.4524998664855957,0.012682763859629631,0.012628708966076374,5.405489355325699e-05,-0.013270814903080463,-0.013158474117517471,-0.0001123407855629921
-1.4449999332427979,0.01288439892232418,0.01281189825385809,7.250066846609116e-05,-0.01352524384856224,-0.0133851058781147,-0.00014013797044754028
-1.4374998807907104,0.013086037710309029,0.013027917593717575,5.812011659145355e-05,-0.013779676519334316,-0.013668116182088852,-0.00011156033724546432
-1.4300000667572021,0.01328766904771328,0.013309556059539318,-2.188701182603836e-05,-0.014034101739525795,-0.014063820242881775,2.971850335597992e-05
-1.4224998950958252,0.013489310629665852,0.013591207563877106,-0.00010189693421125412,-0.014288538135588169,-0.01445954293012619,0.0001710047945380211
-1.4149999618530273,0.013690945692360401,0.013872850686311722,-0.00018190499395132065,-0.014542967081069946,-0.014855253510177135,0.0003122864291071892
-1.40749990940094,0.013973305933177471,0.014154497534036636,-0.0001811916008591652,-0.014937915839254856,-0.015250970609486103,0.00031305477023124695
-1.4000000953674316,0.014270825311541557,0.01443613599985838,-0.00016531068831682205,-0.015359258279204369,-0.01564667373895645,0.0002874154597520828
-1.3924999237060547,0.014568359591066837,0.014717787504196167,-0.00014942791312932968,-0.015780620276927948,-0.016042398288846016,0.00026177801191806793
-1.3849998712539673,0.014865889213979244,0.014999434351921082,-0.0001335451379418373,-0.01620197482407093,-0.016438113525509834,0.0002361387014389038
-1.377500057220459,0.015163409523665905,0.015281072817742825,-0.00011766329407691956,-0.016623318195343018,-0.016833819448947906,0.00021050125360488892
-1.3700000047683716,0.015460939146578312,0.015562719665467739,-0.00010178051888942719,-0.017044672742486,-0.017229534685611725,0.0001848619431257248
-1.3624999523162842,0.015758469700813293,0.01584436744451523,-8.589774370193481e-05,-0.017466029152274132,-0.017625251784920692,0.00015922263264656067
-1.3549997806549072,0.016056003049016,0.01612601801753044,-7.001496851444244e-05,-0.01788739114999771,-0.018020974472165108,0.00013358332216739655
-1.3475000858306885,0.016353517770767212,0.01640765182673931,-5.4134055972099304e-05,-0.018308725208044052,-0.018416672945022583,0.00010794773697853088
-1.340000033378601,0.01665104739367962,0.016689300537109375,-3.8253143429756165e-05,-0.018730081617832184,-0.01881239004433155,8.230842649936676e-05
-1.3324999809265137,0.016948577016592026,0.01697094738483429,-2.2370368242263794e-05,-0.019151436164975166,-0.019208107143640518,5.667097866535187e-05
-1.3249998092651367,0.01724611222743988,0.017252597957849503,-6.485730409622192e-06,-0.019572798162698746,-0.019603829830884933,3.1031668186187744e-05
-1.3174999952316284,0.01754363253712654,0.01753423735499382,9.395182132720947e-06,-0.019994141533970833,-0.019999533891677856,5.392357707023621e-06
-1.3100000619888306,0.0178411565721035,0.017815878614783287,2.5277957320213318e-05,-0.020415490493178368,-0.020395245403051376,-2.0245090126991272e-05
-1.3025000095367432,0.018138686195015907,0.01809752732515335,4.115886986255646e-05,-0.02083684504032135,-0.020790960639715195,-4.5884400606155396e-05
-1.2949998378753662,0.018436221405863762,0.018379177898168564,5.704350769519806e-05,-0.02125820703804493,-0.02118668518960476,-7.152184844017029e-05
-1.287500023841858,0.018733741715550423,0.01866081729531288,7.29244202375412e-05,-0.021679548546671867,-0.021582389250397682,-9.715929627418518e-05
-1.2799999713897705,0.01903127133846283,0.018942464143037796,8.880719542503357e-05,-0.02210090495646,-0.02197810634970665,-0.0001227986067533493
-1.272499918937683,0.019328799098730087,0.01922411099076271,0.00010468810796737671,-0.02252225950360298,-0.022373821586370468,-0.00014843791723251343
-1.2649999856948853,0.019626324996352196,0.019505754113197327,0.00012057088315486908,-0.022943608462810516,-0.022769533097743988,-0.00017407536506652832
-1.2574999332427979,0.019923854619264603,0.019838858395814896,8.499622344970703e-05,-0.023364964872598648,-0.023270174860954285,-9.47900116443634e-05
-1.2499998807907104,0.020287027582526207,0.020274832844734192,1.2194737792015076e-05,-0.023920251056551933,-0.02398057095706463,6.031990051269531e-05
-1.2424999475479126,0.020726555958390236,0.02071079984307289,1.5756115317344666e-05,-0.024631327018141747,-0.024690957739949226,5.963072180747986e-05
-1.2349998950958252,0.021166091784834862,0.021146774291992188,1.9317492842674255e-05,-0.025342414155602455,-0.02540135383605957,5.893968045711517e-05
-1.2274999618530273,0.02160562016069889,0.021582743152976036,2.2877007722854614e-05,-0.02605349011719227,-0.02611173875629902,5.824863910675049e-05
-1.21999990940094,0.022045155987143517,0.022018717601895332,2.6438385248184204e-05,-0.026764577254652977,-0.026822136715054512,5.7559460401535034e-05
-1.2125000953674316,0.02248467691242695,0.022454677149653435,2.9999762773513794e-05,-0.027475642040371895,-0.027532510459423065,5.686841905117035e-05
-1.2049999237060547,0.02292422018945217,0.022890659049153328,3.3561140298843384e-05,-0.0281867403537035,-0.028242917731404305,5.6177377700805664e-05
-1.1974999904632568,0.0233637485653162,0.023326626047492027,3.7122517824172974e-05,-0.028897816315293312,-0.028953304514288902,5.548819899559021e-05
-1.1899999380111694,0.023803284391760826,0.023762600496411324,4.0683895349502563e-05,-0.02960890345275402,-0.029663700610399246,5.4797157645225525e-05
-1.1825001239776611,0.024242805317044258,0.024198561906814575,4.424341022968292e-05,-0.03031996823847294,-0.0303740743547678,5.410611629486084e-05
-1.1749999523162842,0.02468234859406948,0.02463454194366932,4.780665040016174e-05,-0.031031066551804543,-0.031084483489394188,5.3416937589645386e-05
-1.1674998998641968,0.025121882557868958,0.025070516392588615,5.13661652803421e-05,-0.0317421555519104,-0.03179487958550453,5.272403359413147e-05
-1.1599998474121094,0.025561418384313583,0.02550649084150791,5.492754280567169e-05,-0.03245324268937111,-0.032505277544260025,5.2034854888916016e-05
-1.152500033378601,0.026000941172242165,0.025942452251911163,5.848892033100128e-05,-0.03316430747509003,-0.03321564942598343,5.13419508934021e-05
-1.1449999809265137,0.02644047513604164,0.02637842670083046,6.204843521118164e-05,-0.033875394612550735,-0.03392604738473892,5.0652772188186646e-05
-1.1374998092651367,0.026880018413066864,0.026814406737685204,6.561167538166046e-05,-0.03458649292588234,-0.03463645651936531,4.996359348297119e-05
-1.1299999952316284,0.027319539338350296,0.027250368148088455,6.917119026184082e-05,-0.03529755771160126,-0.035346828401088715,4.9270689487457275e-05
-1.1225000619888306,0.027759067714214325,0.027686335146427155,7.273256778717041e-05,-0.03600863367319107,-0.03605721518397331,4.858151078224182e-05
-1.1150000095367432,0.02819860354065895,0.02812230959534645,7.62939453125e-05,-0.03671972081065178,-0.036767613142728806,4.789233207702637e-05
-1.1074998378753662,0.028638146817684174,0.028558291494846344,7.985532283782959e-05,-0.03743081912398338,-0.037478022277355194,4.720315337181091e-05
-1.100000023841858,0.029077667742967606,0.028994251042604446,8.341670036315918e-05,-0.0381418839097023,-0.0381883941590786,4.6510249376297e-05
-1.0924999713897705,0.02953525260090828,0.029430225491523743,0.00010502710938453674,-0.0388968363404274,-0.03889879211783409,1.955777406692505e-06
-1.0850000381469727,0.030193062499165535,0.02986619435250759,0.0003268681466579437,-0.04013846069574356,-0.03960917890071869,-0.0005292817950248718
-1.0774998664855957,0.030850892886519432,0.03038351982831955,0.0004673730581998825,-0.041380126029253006,-0.040523711591959,-0.0008564144372940063
-1.0700000524520874,0.03150869160890579,0.03106348030269146,0.0004452113062143326,-0.042621731758117676,-0.0418463759124279,-0.0007753558456897736
-1.0625,0.032166510820388794,0.03174346312880516,0.0004230476915836334,-0.04386337473988533,-0.04316908121109009,-0.0006942935287952423
-1.0549999475479126,0.032824333757162094,0.03242344409227371,0.00040088966488838196,-0.04510502144694328,-0.044491786509752274,-0.0006132349371910095
-1.0474998950958252,0.033482152968645096,0.03310342878103256,0.00037872418761253357,-0.04634666442871094,-0.04581449180841446,-0.0005321726202964783
-1.0399999618530273,0.0341399610042572,0.03378339856863022,0.00035656243562698364,-0.0475882887840271,-0.04713717848062515,-0.000451110303401947
-1.03249990940094,0.0347977839410305,0.03446338325738907,0.0003344006836414337,-0.048829931765794754,-0.04845988377928734,-0.00037004798650741577
-1.024999976158142,0.03545559197664261,0.035143353044986725,0.0003122389316558838,-0.050071556121110916,-0.04978257045149803,-0.0002889856696128845
-1.0174999237060547,0.03611341118812561,0.035823334008455276,0.00029007717967033386,-0.05131320282816887,-0.05110527575016022,-0.00020792707800865173
-1.0099999904632568,0.036771222949028015,0.03650330752134323,0.00026791542768478394,-0.05255482718348503,-0.05242796242237091,-0.00012686476111412048
-1.0024999380111694,0.03742904216051102,0.03718328848481178,0.000245753675699234,-0.053796470165252686,-0.053750667721033096,-4.5802444219589233e-05
-0.9949999451637268,0.03808685764670372,0.037863265722990036,0.00022359192371368408,-0.05503810569643974,-0.05507336184382439,3.5256147384643555e-05
-0.987500011920929,0.038744665682315826,0.03854323923587799,0.0002014264464378357,-0.056279730051755905,-0.05639604851603508,0.0001163184642791748
-0.9799998998641968,0.039402492344379425,0.03922322764992714,0.00017926469445228577,-0.057521384209394455,-0.05771876499056816,0.00019738078117370605
-0.9724999070167542,0.04006030783057213,0.03990320488810539,0.00015710294246673584,-0.05876301974058151,-0.05904145911335945,0.00027843937277793884
-0.9650000929832458,0.04071810841560364,0.04058316349983215,0.00013494491577148438,-0.060004621744155884,-0.060364123433828354,0.0003595016896724701
-0.9574999809265137,0.04137593135237694,0.0412631519138813,0.00011277943849563599,-0.061246275901794434,-0.061686839908361435,0.00044056400656700134
-0.9499999284744263,0.04203375428915024,0.041943132877349854,9.062141180038452e-05,-0.062487922608852386,-0.06300954520702362,0.0005216225981712341
-0.9424999356269836,0.04269156605005264,0.04262311011552811,6.845593452453613e-05,-0.06372955441474915,-0.06433223932981491,0.0006026849150657654
-0.9350000619888306,0.04334937036037445,0.043303076177835464,4.6294182538986206e-05,-0.06497117131948471,-0.06565491855144501,0.0006837472319602966
-0.9275000095367432,0.04423511400818825,0.043983060866594315,0.0002520531415939331,-0.06690739095211029,-0.0669776201248169,7.0229172706604e-05
-0.919999897480011,0.04521710425615311,0.044663045555353165,0.000554058700799942,-0.06913691014051437,-0.06830033659934998,-0.0008365735411643982
-0.9124999046325684,0.04619907587766647,0.04534302279353142,0.0008560530841350555,-0.07136638462543488,-0.06962303817272186,-0.0017433464527130127
-0.9049999713897705,0.04718104377388954,0.04602299630641937,0.001158047467470169,-0.07359585165977478,-0.07094571739435196,-0.002650134265422821
-0.8974999785423279,0.04816301539540291,0.04683292284607887,0.0013300925493240356,-0.07582533359527588,-0.07268600910902023,-0.0031393244862556458
-0.8899998664855957,0.04914500564336777,0.0479026697576046,0.0012423358857631683,-0.07805484533309937,-0.07526123523712158,-0.002793610095977783
-0.8825000524520874,0.05012695491313934,0.04897237941622734,0.0011545754969120026,-0.08028427511453629,-0.07783634960651398,-0.0024479255080223083
-0.8749999403953552,0.0511089451611042,0.05004212632775307,0.0010668188333511353,-0.08251379430294037,-0.08041157573461533,-0.0021022185683250427
-0.8675000071525574,0.05209090933203697,0.051111850887537,0.0009790584444999695,-0.08474325388669968,-0.0829867348074913,-0.001756519079208374
-0.8599998950958252,0.05307289958000183,0.05218160152435303,0.0008912980556488037,-0.08697277307510376,-0.08556196093559265,-0.0014108121395111084
-0.8525000214576721,0.054054856300354004,0.05325131490826607,0.0008035413920879364,-0.08920221775770187,-0.08813709765672684,-0.0010651201009750366
-0.8449999690055847,0.05503683537244797,0.054321058094501495,0.0007157772779464722,-0.09143171459436417,-0.0907123014330864,-0.000719413161277771
-0.8374999761581421,0.05601881071925163,0.05539079010486603,0.0006280206143856049,-0.09366119652986526,-0.09328748285770416,-0.0003737136721611023
-0.8299999237060547,0.057000789791345596,0.05646052956581116,0.0005402602255344391,-0.09589069336652756,-0.09586268663406372,-2.800673246383667e-05
-0.8225000500679016,0.05798275023698807,0.057530246675014496,0.0004525035619735718,-0.09812013804912567,-0.0984378233551979,0.0003176853060722351
-0.8149999380111694,0.05896473675966263,0.05859999358654022,0.000364743173122406,-0.10034965723752975,-0.10101304948329926,0.0006633922457695007
-0.8075000047683716,0.059946704655885696,0.05966971814632416,0.0002769865095615387,-0.10257911682128906,-0.10358820855617523,0.0010090917348861694
-0.7999998927116394,0.06092869117856026,0.06073946878314018,0.00018922239542007446,-0.10480863600969315,-0.10616342723369598,0.0013547912240028381
-0.7924998998641968,0.06191066652536392,0.061809200793504715,0.00010146573185920715,-0.10703811794519424,-0.10873860865831375,0.0017004907131195068
-0.7849999666213989,0.06289263069629669,0.06287892162799835,1.3709068298339844e-05,-0.10926757752895355,-0.11131377518177032,0.0020461976528167725
-0.7774999737739563,0.06387460231781006,0.06394865363836288,-7.405132055282593e-05,-0.11149705946445465,-0.11388895660638809,0.002391897141933441
-0.7699999809265137,0.06502197682857513,0.06501838564872742,3.591179847717285e-06,-0.11436506360769272,-0.11646413803100586,0.002099074423313141
-0.7624999284744263,0.06651514023542404,0.06608812510967255,0.00042701512575149536,-0.11856790632009506,-0.11903933435678482,0.0004714280366897583
-0.7549999356269836,0.06800828129053116,0.06715786457061768,0.0008504167199134827,-0.12277072668075562,-0.12161451578140259,-0.0011562108993530273
-0.7475001215934753,0.06950139254331589,0.06822756677865982,0.001273825764656067,-0.12697343528270721,-0.12418963760137558,-0.0027837976813316345
-0.7400000095367432,0.07099456340074539,0.06929731369018555,0.001697249710559845,-0.13117632269859314,-0.12676486372947693,-0.004411458969116211
-0.732499897480011,0.0724877342581749,0.07036706805229187,0.002120666205883026,-0.13537919521331787,-0.12934008240699768,-0.00603911280632019
-0.7249999642372131,0.07398086786270142,0.0714367926120758,0.0025440752506256104,-0.13958197832107544,-0.13191524147987366,-0.007666736841201782
-0.7175000905990601,0.07547398656606674,0.0727185532450676,0.0027554333209991455,-0.14378473162651062,-0.13542886078357697,-0.008355870842933655
-0.7100000381469727,0.07696714997291565,0.07442440092563629,0.002542749047279358,-0.14798757433891296,-0.14081931114196777,-0.00716826319694519
-0.7024999260902405,0.07846032083034515,0.07613026350736618,0.0023300573229789734,-0.1521904617547989,-0.14620979130268097,-0.00598067045211792
-0.6949999332427979,0.07995346188545227,0.07783610373735428,0.002117358148097992,-0.15639327466487885,-0.1516001969575882,-0.004793077707290649
-0.6875001192092896,0.081446573138237,0.0795418992638588,0.0019046738743782043,-0.16059599816799164,-0.15699046850204468,-0.0036055296659469604
-0.6800000071525574,0.0829397439956665,0.08124776184558868,0.0016919821500778198,-0.16479887068271637,-0.16238096356391907,-0.0024179071187973022
-0.6724998950958252,0.08443291485309601,0.08295362442731857,0.0014792904257774353,-0.1690017580986023,-0.16777144372463226,-0.0012303143739700317
-0.6649998426437378,0.08592607080936432,0.08465947210788727,0.0012665987014770508,-0.17320460081100464,-0.17316189408302307,-4.270672798156738e-05
-0.6575000286102295,0.08741918206214905,0.08636526763439178,0.0010539144277572632,-0.17740732431411743,-0.17855216562747955,0.0011448413133621216
-0.6499999761581421,0.08891233801841736,0.08807111531496048,0.0008412227034568787,-0.18161016702651978,-0.18394261598587036,0.002332448959350586
-0.6424999237060547,0.09040549397468567,0.08977696299552917,0.0006285309791564941,-0.18581300973892212,-0.18933305144309998,0.0035200417041778564
-0.6349998712539673,0.09189865738153458,0.09148281067609787,0.00041584670543670654,-0.19001586735248566,-0.19472350180149078,0.004707634449005127
-0.6274999380111694,0.0933917909860611,0.09318863600492477,0.00020315498113632202,-0.19421865046024323,-0.20011386275291443,0.005895212292671204
-0.6200000047683716,0.09488492459058762,0.09489446133375168,-9.5367431640625e-06,-0.1984214186668396,-0.20550422370433807,0.007082805037498474
-0.6124999523162842,0.09637808054685593,0.09660030901432037,-0.00022222846746444702,-0.20262427628040314,-0.2108946591615677,0.00827038288116455
-0.6049998998641968,0.09862373769283295,0.09830615669488907,0.0003175809979438782,-0.21148623526096344,-0.2162851095199585,0.004798874258995056
-0.5974999666213989,0.10091398656368256,0.10001197457313538,0.0009020119905471802,-0.22062434256076813,-0.22167547047138214,0.0010511279106140137
-0.5900000333786011,0.10320423543453217,0.10171779990196228,0.0014864355325698853,-0.22976244986057281,-0.2270658314228058,-0.002696618437767029
-0.5824998617172241,0.10549455136060715,0.10342367738485336,0.002070873975753784,-0.23890084028244019,-0.23245635628700256,-0.006444483995437622
-0.5749999284744263,0.10778480023145676,0.10512949526309967,0.002655304968357086,-0.24803893268108368,-0.2378467172384262,-0.01019221544265747
-0.5674999952316284,0.11007504165172577,0.10683532059192657,0.0032397210597991943,-0.25717705488204956,-0.24323707818984985,-0.013939976692199707
-0.5600000619888306,0.11236529052257538,0.10854113847017288,0.0038241520524024963,-0.26631513237953186,-0.2486274391412735,-0.017687693238258362
-0.5525000095367432,0.11465557664632797,0.11024699360132217,0.004408583045005798,-0.2754533886909485,-0.2540178894996643,-0.02143549919128418
-0.5449999570846558,0.11694585531949997,0.11195284128189087,0.0049930140376091,-0.2845916450023651,-0.2594083249568939,-0.02518332004547119
-0.5375000238418579,0.11923610419034958,0.11401164531707764,0.005224458873271942,-0.2937297523021698,-0.2680933475494385,-0.025636404752731323
-0.5299999713897705,0.12152638286352158,0.11677668243646622,0.004749700427055359,-0.3028680086135864,-0.28336992859840393,-0.019498080015182495
-0.5225000381469727,0.12381663173437119,0.11954166740179062,0.004274964332580566,-0.3120060861110687,-0.29864630103111267,-0.013359785079956055
-0.5149999856948853,0.12610691785812378,0.1223067045211792,0.00380021333694458,-0.32114434242248535,-0.3139228820800781,-0.0072214603424072266
-0.5074999332427979,0.12839719653129578,0.12507173418998718,0.0033254623413085938,-0.330282598733902,-0.3291994631290436,-0.0010831356048583984
-0.5000001192092896,0.1306874006986618,0.1278366893529892,0.0028507113456726074,-0.3394205570220947,-0.3444755971431732,0.005055040121078491
-0.49250006675720215,0.132977694272995,0.13060171902179718,0.002375975251197815,-0.34855881333351135,-0.35975217819213867,0.01119336485862732
-0.4849998950958252,0.13526800274848938,0.13336680829524994,0.001901194453239441,-0.35769718885421753,-0.3750290274620056,0.017331838607788086
-0.47749996185302734,0.137558251619339,0.13613179326057434,0.0014264583587646484,-0.3668352961540222,-0.39030537009239197,0.02347007393836975
-0.46999990940093994,0.139848530292511,0.13889682292938232,0.0009517073631286621,-0.37597355246543884,-0.4055819511413574,0.02960839867591858
-0.4624999761581421,0.1421387791633606,0.14166182279586792,0.0004769563674926758,-0.38511165976524353,-0.42085832357406616,0.03574666380882263
-0.4549999237060547,0.1444290578365326,0.1444268524646759,2.205371856689453e-06,-0.39424988627433777,-0.4361349046230316,0.04188501834869385
-0.4474998712539673,0.14743953943252563,0.1471918821334839,0.00024765729904174805,-0.4136943817138672,-0.45141148567199707,0.03771710395812988
-0.43999993801116943,0.15100562572479248,0.14995688199996948,0.001048743724822998,-0.44109052419662476,-0.4666878581047058,0.025597333908081055
-0.4325000047683716,0.15457171201705933,0.15272186696529388,0.001849845051765442,-0.46848663687705994,-0.48196420073509216,0.013477563858032227
-0.4249999523162842,0.15813785791397095,0.15548689663410187,0.0026509612798690796,-0.49588319659233093,-0.4972407817840576,0.0013575851917266846
-0.4174998998641968,0.16170400381088257,0.15825194120407104,0.0034520626068115234,-0.5232797861099243,-0.5125173926353455,-0.010762393474578857
-0.4099999666213989,0.1652701050043106,0.16101692616939545,0.004253178834915161,-0.5506759285926819,-0.5277937650680542,-0.022882163524627686
-0.4025000333786011,0.16883619129657745,0.16378192603588104,0.005054265260696411,-0.5780720114707947,-0.5430700778961182,-0.035001933574676514
-0.39499998092651367,0.17240233719348907,0.16654695570468903,0.005855381488800049,-0.6054686307907104,-0.558346688747406,-0.04712194204330444
-0.3874998092651367,0.17596854269504547,0.1693120300769806,0.00665651261806488,-0.6328656077384949,-0.573623538017273,-0.059242069721221924
-0.3799999952316284,0.17953456938266754,0.1720769852399826,0.0074575841426849365,-0.6602612733840942,-0.5888996124267578,-0.07136166095733643
-0.37250006198883057,0.18310067057609558,0.174841970205307,0.008258700370788574,-0.6876574158668518,-0.6041759848594666,-0.08348143100738525
-0.3649998903274536,0.18666686117649078,0.17760704457759857,0.009059816598892212,-0.715054452419281,-0.6194528341293335,-0.09560161828994751
-0.35749995708465576,0.19023296236991882,0.1808158904314041,0.00941707193851471,-0.7424505352973938,-0.6461222171783447,-0.09632831811904907
-0.3500000238418579,0.19379904866218567,0.18491230905056,0.008886739611625671,-0.7698466777801514,-0.6955750584602356,-0.07427161931991577
-0.3424999713897705,0.1973651945590973,0.18900878727436066,0.008356407284736633,-0.7972432374954224,-0.7450286746025085,-0.05221456289291382
-0.3349999189376831,0.2009313404560089,0.1931052803993225,0.007826060056686401,-0.8246397972106934,-0.7944822907447815,-0.030157506465911865
-0.32749998569488525,0.20449744164943695,0.1972016990184784,0.007295742630958557,-0.8520359396934509,-0.8439351320266724,-0.008100807666778564
-0.3200000524520874,0.2080635279417038,0.20129811763763428,0.006765410304069519,-0.8794320821762085,-0.8933879733085632,0.013955891132354736
-0.3125,0.21162967383861542,0.20539461076259613,0.006235063076019287,-0.9068286418914795,-0.9428415894508362,0.03601294755935669
-0.30500006675720215,0.21519576013088226,0.20949102938175201,0.005704730749130249,-0.9342247843742371,-0.992294430732727,0.05806964635848999
-0.29750001430511475,0.21876190602779388,0.21358750760555267,0.005174398422241211,-0.9616213440895081,-1.041748046875,0.08012670278549194
-0.28999996185302734,0.2225484699010849,0.21768400073051453,0.0048644691705703735,-0.9964087605476379,-1.091201663017273,0.09479290246963501
-0.28249990940093994,0.22730669379234314,0.22178047895431519,0.005526214838027954,-1.063777208328247,-1.140655279159546,0.07687807083129883
-0.27500009536743164,0.23206476867198944,0.2258768379688263,0.006187930703163147,-1.131143569946289,-1.1901073455810547,0.058963775634765625
-0.2674999237060547,0.23682306706905365,0.22997339069843292,0.0068496763706207275,-1.198513150215149,-1.239561676979065,0.041048526763916016
-0.2599998712539673,0.2415812909603119,0.23406988382339478,0.007511407136917114,-1.2658816576004028,-1.289015293121338,0.02313363552093506
-0.25249993801116943,0.24633944034576416,0.23816630244255066,0.008173137903213501,-1.3332490921020508,-1.3384681940078735,0.005219101905822754
-0.24500000476837158,0.25109758973121643,0.24226272106170654,0.008834868669509888,-1.4006165266036987,-1.3879209756851196,-0.012695550918579102
-0.23749995231628418,0.2558557987213135,0.2463591992855072,0.009496599435806274,-1.4679850339889526,-1.4373745918273926,-0.03061044216156006
-0.22999989986419678,0.2606140375137329,0.25045567750930786,0.010158360004425049,-1.5353535413742065,-1.4868282079696655,-0.048525333404541016
-0.22249984741210938,0.26537224650382996,0.2545521855354309,0.010820060968399048,-1.6027220487594604,-1.5362818241119385,-0.06644022464752197
-0.21500003337860107,0.27013033628463745,0.258648544549942,0.011481791734695435,-1.6700884103775024,-1.5857338905334473,-0.08435451984405518
-0.20749998092651367,0.2748885452747345,0.2627450227737427,0.012143522500991821,-1.7374569177627563,-1.6351875066757202,-0.10226941108703613
-0.19999980926513672,0.2796468436717987,0.2668415606021881,0.012805283069610596,-1.8048264980316162,-1.6846418380737305,-0.12018465995788574
-0.19249999523162842,0.2844049334526062,0.2709379196166992,0.013467013835906982,-1.8721928596496582,-1.7340939044952393,-0.13809895515441895
-0.18500006198883057,0.28916308283805847,0.2750343382358551,0.01412874460220337,-1.9395602941513062,-1.783546805381775,-0.15601348876953125
-0.17750000953674316,0.2939212918281555,0.27893078327178955,0.014990508556365967,-2.0069289207458496,-1.835913896560669,-0.17101502418518066
-0.1699998378753662,0.2986795902252197,0.28242728114128113,0.0162523090839386,-2.07429838180542,-1.8941078186035156,-0.1801905632019043
-0.1625000238418579,0.3034376800060272,0.28592362999916077,0.017514050006866455,-2.141664743423462,-1.952298879623413,-0.18936586380004883
-0.15500009059906006,0.3081958293914795,0.2894200086593628,0.0187758207321167,-2.2090322971343994,-2.010491132736206,-0.19854116439819336
-0.1474999189376831,0.3129541277885437,0.29291650652885437,0.02003762125968933,-2.2764017581939697,-2.0686850547790527,-0.207716703414917
-0.1399998664855957,0.31771233677864075,0.29641294479370117,0.021299391984939575,-2.3437702655792236,-2.126878023147583,-0.21689224243164062
-0.1325000524520874,0.32247042655944824,0.2999092638492584,0.02256116271018982,-2.4111366271972656,-2.1850690841674805,-0.22606754302978516
-0.125,0.3259332478046417,0.3034057021141052,0.0225275456905365,-2.462822437286377,-2.2432620525360107,-0.2195603847503662
-0.1174999475479126,0.3290829360485077,0.306902140378952,0.022180795669555664,-2.5107176303863525,-2.301455020904541,-0.20926260948181152
-0.11000001430511475,0.33223259449005127,0.31039851903915405,0.021834075450897217,-2.5586118698120117,-2.359647274017334,-0.19896459579467773
-0.10249996185302734,0.3353823125362396,0.31389495730400085,0.02148735523223877,-2.606506824493408,-2.4178402423858643,-0.18866658210754395
-0.09500002861022949,0.3385319411754608,0.3173913359642029,0.021140605211257935,-2.6544013023376465,-2.476032257080078,-0.17836904525756836
-0.08749997615814209,0.34168165922164917,0.3208877742290497,0.020793884992599487,-2.702296257019043,-2.5342252254486084,-0.16807103157043457
-0.08000004291534424,0.34483131766319275,0.3243841826915741,0.020447134971618652,-2.750190496444702,-2.5924174785614014,-0.15777301788330078
-0.07249987125396729,0.3479810655117035,0.3278806805610657,0.020100384950637817,-2.798086404800415,-2.650611400604248,-0.147475004196167
-0.06499993801116943,0.35113072395324707,0.3313770592212677,0.01975366473197937,-2.845980644226074,-2.708803415298462,-0.1371772289276123
-0.05750012397766113,0.3542803227901459,0.33487337827682495,0.019406944513320923,-2.893874168395996,-2.7669944763183594,-0.12687969207763672
-0.04999995231628418,0.3574300706386566,0.33836987614631653,0.019060194492340088,-2.94176983833313,-2.825188398361206,-0.11658143997192383
-0.04249989986419678,0.36057978868484497,0.34186631441116333,0.01871347427368164,-2.9896650314331055,-2.8833816051483154,-0.10628342628479004
-0.034999966621398926,0.36372944712638855,0.34536269307136536,0.018366754055023193,-3.0375592708587646,-2.9415736198425293,-0.09598565101623535
-0.027500033378601074,0.36687907576560974,0.3488590717315674,0.01802000403404236,-3.085453510284424,-2.999765634536743,-0.08568787574768066
-0.019999980926513672,0.3700287938117981,0.3523555099964142,0.01767328381538391,-3.1333487033843994,-3.0579586029052734,-0.07539010047912598
-0.01249992847442627,0.37317848205566406,0.355851948261261,0.017326533794403076,-3.181243658065796,-3.116151809692383,-0.06509184837341309
-0.004999876022338867,0.3763282001018524,0.3593483865261078,0.01697981357574463,-3.2291386127471924,-3.174344778060913,-0.0547938346862793
0.0024999380111694336,0.3794777989387512,0.36159127950668335,0.01788651943206787,-3.2770321369171143,-3.201709747314453,-0.07532238960266113
0.009999990463256836,0.3826275169849396,0.36132729053497314,0.02130022644996643,-3.32492733001709,-3.1674211025238037,-0.15750622749328613
0.01750016212463379,0.3857772648334503,0.36106327176094055,0.024713993072509766,-3.3728229999542236,-3.133132219314575,-0.23969078063964844
0.02499997615814209,0.3889268636703491,0.36079928278923035,0.028127580881118774,-3.4207165241241455,-3.0988447666168213,-0.3218717575073242
0.03249990940093994,0.39032411575317383,0.36053526401519775,0.029788851737976074,-3.4277560710906982,-3.064556837081909,-0.36319923400878906
0.040000081062316895,0.38935792446136475,0.36027127504348755,0.029086649417877197,-3.379694700241089,-3.0302677154541016,-0.3494269847869873
0.0475001335144043,0.38839173316955566,0.36000725626945496,0.028384476900100708,-3.3316338062286377,-2.9959793090820312,-0.33565449714660645
0.0549999475479126,0.38742560148239136,0.35974326729774475,0.027682334184646606,-3.2835745811462402,-2.9616918563842773,-0.3218827247619629
0.06249988079071045,0.3864594101905823,0.35947924852371216,0.026980161666870117,-3.2355144023895264,-2.9274039268493652,-0.30811047554016113
0.0700000524520874,0.3854932188987732,0.35921525955200195,0.02627795934677124,-3.187453031539917,-2.8931150436401367,-0.2943379878997803
0.0775001049041748,0.3845270574092865,0.35895124077796936,0.02557581663131714,-3.139392137527466,-2.8588266372680664,-0.2805655002593994
0.0849999189376831,0.3835608959197998,0.35868725180625916,0.02487364411354065,-3.0913329124450684,-2.8245391845703125,-0.26679372787475586
0.09249997138977051,0.3825947344303131,0.35842323303222656,0.024171501398086548,-3.043272018432617,-2.790250539779663,-0.2530214786529541
0.10000002384185791,0.38162854313850403,0.35815924406051636,0.02346929907798767,-2.995211362838745,-2.7559621334075928,-0.23924922943115234
0.10750007629394531,0.38066235184669495,0.35789522528648376,0.02276712656021118,-2.947150468826294,-2.7216737270355225,-0.22547674179077148
0.11500012874603271,0.37969619035720825,0.35763120651245117,0.02206498384475708,-2.899089813232422,-2.687385320663452,-0.21170449256896973
0.12250006198883057,0.37873002886772156,0.35736721754074097,0.02136281132698059,-2.851029634475708,-2.65309739112854,-0.19793224334716797
0.12999999523162842,0.37776386737823486,0.35710322856903076,0.0206606388092041,-2.8029696941375732,-2.618809223175049,-0.18416047096252441
0.13750004768371582,0.3767976760864258,0.35683920979499817,0.019958466291427612,-2.754908800125122,-2.5845208168029785,-0.17038798332214355
0.14500010013580322,0.3758314847946167,0.3565751910209656,0.019256293773651123,-2.70684814453125,-2.550232410430908,-0.1566157341003418
0.15250003337860107,0.37486532330513,0.35631120204925537,0.018554121255874634,-2.658787965774536,-2.515944480895996,-0.14284348487854004
0.15999996662139893,0.3738991618156433,0.35604721307754517,0.017851948738098145,-2.6107280254364014,-2.481656551361084,-0.12907147407531738
0.16750001907348633,0.3729330003261566,0.3557831943035126,0.017149806022644043,-2.56266713142395,-2.4473681449890137,-0.11529898643493652
0.17500007152557373,0.37196680903434753,0.35551917552948,0.016447633504867554,-2.514606475830078,-2.4130795001983643,-0.10152697563171387
0.18250000476837158,0.37100064754486084,0.35465729236602783,0.016343355178833008,-2.4665462970733643,-2.3736047744750977,-0.0929415225982666
0.18999993801116943,0.36996719241142273,0.35259971022605896,0.01736748218536377,-2.418229818344116,-2.3237571716308594,-0.09447264671325684
0.19749999046325684,0.36754485964775085,0.3505420982837677,0.017002761363983154,-2.3646204471588135,-2.273908853530884,-0.09071159362792969
0.20500004291534424,0.36512255668640137,0.34848448634147644,0.016638070344924927,-2.31101131439209,-2.224060535430908,-0.08695077896118164
0.21250009536743164,0.3627002239227295,0.3464268743991852,0.01627334952354431,-2.257401943206787,-2.1742122173309326,-0.08318972587585449
0.21999990940093994,0.3602779805660248,0.3443693518638611,0.015908628702163696,-2.203794240951538,-2.1243653297424316,-0.07942891120910645
0.22749996185302734,0.3578556776046753,0.3423117399215698,0.015543937683105469,-2.1501848697662354,-2.074517011642456,-0.0756678581237793
0.2350001335144043,0.35543331503868103,0.3402540981769562,0.015179216861724854,-2.096574544906616,-2.024667978286743,-0.07190656661987305
0.24250006675720215,0.35301104187965393,0.3381965160369873,0.014814525842666626,-2.04296612739563,-1.9748203754425049,-0.068145751953125
0.24999988079071045,0.3505887985229492,0.3361389935016632,0.01444980502128601,-1.9893585443496704,-1.9249736070632935,-0.06438493728637695
0.2575000524520874,0.34816643595695496,0.33408135175704956,0.014085084199905396,-1.9357483386993408,-1.875124454498291,-0.060623884201049805
0.2650001049041748,0.34574413299560547,0.3320237398147583,0.013720393180847168,-1.882138967514038,-1.8252761363983154,-0.056862831115722656
0.2724999189376831,0.34332188963890076,0.3299661874771118,0.01335570216178894,-1.828531265258789,-1.775429368019104,-0.05310189723968506
0.2799999713897705,0.3408995568752289,0.32790857553482056,0.012990981340408325,-1.7749220132827759,-1.7255810499191284,-0.04934096336364746
0.2875000238418579,0.3384772539138794,0.3258509635925293,0.012626290321350098,-1.7213126420974731,-1.6757327318191528,-0.04557991027832031
0.2950000762939453,0.3360549211502075,0.3237933814525604,0.012261539697647095,-1.6677032709121704,-1.6258844137191772,-0.041818857192993164
0.3025001287460327,0.33363261818885803,0.32173576951026917,0.011896848678588867,-1.6140938997268677,-1.576035976409912,-0.038057923316955566
0.31000006198883057,0.33121034502983093,0.3196781873703003,0.01153215765953064,-1.5604853630065918,-1.5261884927749634,-0.03429687023162842
0.3174999952316284,0.32878804206848145,0.3176206052303314,0.011167436838150024,-1.5068769454956055,-1.476340889930725,-0.03053605556488037
0.3250000476837158,0.32636573910713196,0.31556299328804016,0.010802745819091797,-1.4532675743103027,-1.4264925718307495,-0.026775002479553223
0.3325001001358032,0.3239434063434601,0.3135054111480713,0.010437995195388794,-1.399658203125,-1.376644253730774,-0.023013949394226074
0.3400000333786011,0.321521133184433,0.3114478290081024,0.010073304176330566,-1.3460496664047241,-1.3267967700958252,-0.019252896308898926
0.3474999666213989,0.3190988600254059,0.30939024686813354,0.009708613157272339,-1.2924412488937378,-1.276949167251587,-0.015492081642150879
0.3550001382827759,0.3172287344932556,0.3073326051235199,0.009896129369735718,-1.2617758512496948,-1.2271000146865845,-0.03467583656311035
0.36250007152557373,0.31563490629196167,0.30551132559776306,0.010123580694198608,-1.2425875663757324,-1.1885820627212524,-0.05400550365447998
0.3700000047683716,0.31404104828834534,0.30416253209114075,0.00987851619720459,-1.2233994007110596,-1.1727172136306763,-0.0506821870803833
0.377500057220459,0.312447190284729,0.30281370878219604,0.009633481502532959,-1.2042107582092285,-1.156852126121521,-0.04735863208770752
0.38499999046325684,0.31085333228111267,0.30146491527557373,0.00938841700553894,-1.1850225925445557,-1.1409872770309448,-0.04403531551361084
0.39250004291534424,0.30925947427749634,0.30011609196662903,0.00914338231086731,-1.1658339500427246,-1.1251221895217896,-0.04071176052093506
0.3999999761581421,0.30766561627388,0.2987672984600067,0.008898317813873291,-1.1466457843780518,-1.1092573404312134,-0.03738844394683838
0.4075000286102295,0.30607175827026367,0.297418475151062,0.00865328311920166,-1.1274571418762207,-1.093392252922058,-0.0340648889541626
0.41499996185302734,0.30447790026664734,0.2960696816444397,0.008408218622207642,-1.1082689762115479,-1.077527403831482,-0.030741572380065918
0.42250001430511475,0.3028840124607086,0.294720858335495,0.008163154125213623,-1.0890803337097168,-1.0616623163223267,-0.027418017387390137
0.43000006675720215,0.3012901544570923,0.2933720350265503,0.007918119430541992,-1.0698918104171753,-1.0457971096038818,-0.024094700813293457
0.43749988079071045,0.29969632625579834,0.29202327132225037,0.007673054933547974,-1.0507038831710815,-1.0299326181411743,-0.020771265029907227
0.44499993324279785,0.298102468252182,0.29067444801330566,0.007428020238876343,-1.03151535987854,-1.014067530632019,-0.017447829246520996
0.4525001049041748,0.2965085506439209,0.28932562470436096,0.0071829259395599365,-1.0123264789581299,-0.9982021450996399,-0.01412433385848999
0.46000003814697266,0.29491472244262695,0.28797680139541626,0.006937921047210693,-0.9931381940841675,-0.9823372960090637,-0.01080089807510376
0.46749985218048096,0.293320894241333,0.28662803769111633,0.006692856550216675,-0.9739502668380737,-0.9664726853370667,-0.00747758150100708
0.4750000238418579,0.2917270064353943,0.28527918457984924,0.006447821855545044,-0.9547614455223083,-0.9506072998046875,-0.00415414571762085
0.4825000762939453,0.29013311862945557,0.28393039107322693,0.006202727556228638,-0.9355728626251221,-0.9347422122955322,-0.0008306503295898438
0.4900001287460327,0.28853926062583923,0.2825815677642822,0.005957692861557007,-0.9163843393325806,-0.918877124786377,0.0024927854537963867
0.49750006198883057,0.2869454026222229,0.2812327742576599,0.005712628364562988,-0.8971960544586182,-0.9030122756958008,0.005816221237182617
0.5049999952316284,0.28535157442092896,0.2798839509487152,0.005467623472213745,-0.8780078291893005,-0.8871474266052246,0.009139597415924072
0.5125000476837158,0.28404614329338074,0.2785351574420929,0.005510985851287842,-0.8630765080451965,-0.8712823390960693,0.008205831050872803
0.5200002193450928,0.2834572196006775,0.2771863043308258,0.006270915269851685,-0.8587198853492737,-0.855417013168335,-0.0033028721809387207
0.5275000333786011,0.28286832571029663,0.2758375406265259,0.007030785083770752,-0.8543635010719299,-0.8395524024963379,-0.014811098575592041
0.5349999666213989,0.2822794020175934,0.2744887173175812,0.007790684700012207,-0.8500070571899414,-0.8236875534057617,-0.026319503784179688
0.5425000190734863,0.2816905081272125,0.2734716236591339,0.008218884468078613,-0.8456505537033081,-0.8122642636299133,-0.033386290073394775
0.5500001907348633,0.2811015546321869,0.27311772108078003,0.00798383355140686,-0.8412939310073853,-0.8097218871116638,-0.031572043895721436
0.5575000047683716,0.28051266074180603,0.27276384830474854,0.007748812437057495,-0.8369375467300415,-0.8071795701980591,-0.029757976531982422
0.5649999380111694,0.27992376685142517,0.27240997552871704,0.00751379132270813,-0.832581102848053,-0.8046372532844543,-0.027943849563598633
0.5725001096725464,0.2793348431587219,0.27205607295036316,0.007278770208358765,-0.8282244801521301,-0.8020948767662048,-0.026129603385925293
0.5800000429153442,0.2787459194660187,0.27170220017433167,0.007043719291687012,-0.8238680362701416,-0.7995525598526001,-0.024315476417541504
0.5874999761581421,0.2781570255756378,0.27134832739830017,0.0068086981773376465,-0.8195115923881531,-0.7970102429389954,-0.022501349449157715
0.5950000286102295,0.27756810188293457,0.2709944248199463,0.006573677062988281,-0.8151550889015198,-0.7944678664207458,-0.020687222480773926
0.6025000810623169,0.2769791781902313,0.2706405222415924,0.006338655948638916,-0.8107985258102417,-0.7919254899024963,-0.01887303590774536
0.6100000143051147,0.27639028429985046,0.2702866494655609,0.006103634834289551,-0.8064420819282532,-0.7893831729888916,-0.017058908939361572
0.6175000667572021,0.2758013606071472,0.2699327766895294,0.005868583917617798,-0.8020855784416199,-0.7868407964706421,-0.015244781970977783
0.625,0.27521243691444397,0.26957887411117554,0.005633562803268433,-0.7977290749549866,-0.7842984795570374,-0.013430595397949219
0.6324999332427979,0.2746235430240631,0.26922500133514404,0.005398541688919067,-0.793372631072998,-0.7817561626434326,-0.01161646842956543
0.6399999856948853,0.27403461933135986,0.26887112855911255,0.0051634907722473145,-0.7890161275863647,-0.7792137861251831,-0.00980234146118164
0.6475000381469727,0.2734456956386566,0.26851722598075867,0.004928469657897949,-0.7846595644950867,-0.7766714692115784,-0.0079880952835083
0.6549999713897705,0.27285680174827576,0.2681633532047272,0.004693448543548584,-0.7803031206130981,-0.7741291522979736,-0.006173968315124512
0.6624999046325684,0.2722678780555725,0.2678094506263733,0.004458427429199219,-0.7759466767311096,-0.7715867757797241,-0.004359900951385498
0.6700000762939453,0.27167895436286926,0.2674555778503418,0.004223376512527466,-0.7715900540351868,-0.7690443992614746,-0.002545654773712158
0.6775001287460327,0.27187344431877136,0.2671016752719879,0.004771769046783447,-0.7728702425956726,-0.7665020227432251,-0.00636821985244751
0.6850000619888306,0.2721477746963501,0.2667478024959564,0.005399972200393677,-0.7747250199317932,-0.7639597058296204,-0.010765314102172852
0.6924999952316284,0.2724221348762512,0.26639389991760254,0.006028234958648682,-0.7765798568725586,-0.7614173889160156,-0.015162467956542969
0.7000000476837158,0.27269646525382996,0.26604002714157104,0.006656438112258911,-0.778434693813324,-0.7588750123977661,-0.01955968141555786
0.7074999809265137,0.2729708254337311,0.26568615436553955,0.007284671068191528,-0.7802895307540894,-0.7563326954841614,-0.02395683526992798
0.7150000333786011,0.2732451558113098,0.26533225178718567,0.007912904024124146,-0.7821443676948547,-0.7537903785705566,-0.028353989124298096
0.7224999666213989,0.27351951599121094,0.26528385281562805,0.008235663175582886,-0.7839991450309753,-0.753530740737915,-0.030468404293060303
0.7300000190734863,0.2737938463687897,0.2658461928367615,0.007947653532028198,-0.7858539819717407,-0.7578347325325012,-0.028019249439239502
0.7375000715255737,0.2740682065486908,0.2664085328578949,0.0076596736907958984,-0.7877088189125061,-0.7621386647224426,-0.025570154190063477
0.7450000047683716,0.27434253692626953,0.2669708728790283,0.007371664047241211,-0.7895636558532715,-0.766442596912384,-0.02312105894088745
0.7524999380111694,0.27461686730384827,0.26753321290016174,0.0070836544036865234,-0.7914184927940369,-0.7707465291023254,-0.020671963691711426
0.7600001096725464,0.2748912274837494,0.26809555292129517,0.006795674562454224,-0.7932733297348022,-0.7750505805015564,-0.01822274923324585
0.7674999237060547,0.2751655578613281,0.2686578929424286,0.006507664918899536,-0.7951281070709229,-0.7793543934822083,-0.0157737135887146
0.7749999761581421,0.27543991804122925,0.269220232963562,0.006219685077667236,-0.7969829440116882,-0.7836583852767944,-0.013324558734893799
0.7825000286102295,0.275714248418808,0.26978257298469543,0.005931675434112549,-0.7988377809524536,-0.7879623770713806,-0.010875403881072998
0.7900000810623169,0.2759886085987091,0.27034491300582886,0.005643695592880249,-0.800692617893219,-0.7922663688659668,-0.008426249027252197
0.7975000143051147,0.27626293897628784,0.2709072530269623,0.0053556859493255615,-0.8025474548339844,-0.7965703010559082,-0.005977153778076172
0.8049999475479126,0.27653729915618896,0.2714695930480957,0.005067706108093262,-0.8044022917747498,-0.8008741736412048,-0.003528118133544922
0.8125001192092896,0.2768116295337677,0.2720319330692291,0.004779696464538574,-0.8062571287155151,-0.8051782250404358,-0.0010789036750793457
0.8200000524520874,0.2770859897136688,0.27259427309036255,0.004491716623306274,-0.8081119656562805,-0.8094821572303772,0.0013701915740966797
0.8274999856948853,0.27736032009124756,0.27315661311149597,0.004203706979751587,-0.8099667429924011,-0.8137860894203186,0.0038193464279174805
0.8350000381469727,0.27812448143959045,0.2737189531326294,0.00440552830696106,-0.8170132040977478,-0.8180900812149048,0.0010768771171569824
0.8425000905990601,0.2793266773223877,0.2742812931537628,0.005045384168624878,-0.8287020921707153,-0.822394073009491,-0.006308019161224365
0.8499999046325684,0.28052881360054016,0.27484360337257385,0.005685210227966309,-0.840390682220459,-0.8266978859901428,-0.013692796230316162
0.8575000762939453,0.2817310094833374,0.27540597319602966,0.006325036287307739,-0.8520797491073608,-0.8310019373893738,-0.02107781171798706
0.8650000095367432,0.28293314576148987,0.2759683132171631,0.006964832544326782,-0.8637685179710388,-0.8353058695793152,-0.028462648391723633
0.8725000619888306,0.2841353416442871,0.2765306532382965,0.007604688405990601,-0.8754574060440063,-0.8396098613739014,-0.03584754467010498
0.8799998760223389,0.2853374779224396,0.27709296345710754,0.008244514465332031,-0.88714599609375,-0.8439136743545532,-0.04323232173919678
0.8875000476837158,0.2865396738052368,0.27765533328056335,0.008884340524673462,-0.8988351225852966,-0.8482177257537842,-0.05061739683151245
0.8949999809265137,0.2877418100833893,0.2782176434993744,0.009524166584014893,-0.9105238318443298,-0.8525216579437256,-0.05800217390060425
0.9025000333786011,0.28894397616386414,0.2791181206703186,0.009825855493545532,-0.9222127795219421,-0.8626484870910645,-0.059564292430877686
0.9099999666213989,0.290146142244339,0.280694842338562,0.009451299905776978,-0.9339014887809753,-0.8844213485717773,-0.049480140209198
0.9175000190734863,0.29134830832481384,0.2822715938091278,0.009076714515686035,-0.9455904364585876,-0.9061945080757141,-0.039395928382873535
0.9249999523162842,0.2925504744052887,0.2838483452796936,0.008702129125595093,-0.9572791457176208,-0.9279673099517822,-0.029311835765838623
0.9325001239776611,0.29375267028808594,0.2854250967502594,0.008327573537826538,-0.9689682722091675,-0.9497408270835876,-0.019227445125579834
0.9399999380111694,0.2949548065662384,0.2870018184185028,0.007952988147735596,-0.9806568026542664,-0.9715132713317871,-0.009143531322479248
0.9474999904632568,0.29615697264671326,0.2885785698890686,0.007578402757644653,-0.9923457503318787,-0.9932864308357239,0.0009406805038452148
0.9550000429153442,0.2973591685295105,0.2901553213596344,0.007203847169876099,-1.0040346384048462,-1.0150595903396606,0.011024951934814453
0.9624998569488525,0.29856130480766296,0.2917320132255554,0.006829291582107544,-1.0157232284545898,-1.0368320941925049,0.02110886573791504
0.9700000286102295,0.2997635006904602,0.2933087944984436,0.0064547061920166016,-1.0274122953414917,-1.0586055517196655,0.031193256378173828
0.9775000810623169,0.30096566677093506,0.2948855459690094,0.006080120801925659,-1.039101243019104,-1.080378770828247,0.041277527809143066
0.9850000143051147,0.3021678328514099,0.2964622676372528,0.0057055652141571045,-1.0507899522781372,-1.1021515130996704,0.0513615608215332
0.9924999475479126,0.3035231828689575,0.2980390191078186,0.005484163761138916,-1.0666565895080566,-1.1239243745803833,0.05726778507232666
1.0000001192092896,0.30575811862945557,0.2996158003807068,0.006142318248748779,-1.1065082550048828,-1.145697832107544,0.03918957710266113
1.0074999332427979,0.30799293518066406,0.3011924922466278,0.006800442934036255,-1.1463581323623657,-1.1674703359603882,0.02111220359802246
1.0150001049041748,0.3102279007434845,0.302769273519516,0.007458627223968506,-1.1862099170684814,-1.1892437934875488,0.003033876419067383
1.0225000381469727,0.3124627470970154,0.3043459951877594,0.008116751909255981,-1.2260602712631226,-1.2110166549682617,-0.01504361629486084
1.0299999713897705,0.31469762325286865,0.3059227168560028,0.008774906396865845,-1.2659107446670532,-1.232789397239685,-0.033121347427368164
1.037500023841858,0.3169325292110443,0.3074994683265686,0.009433060884475708,-1.3057618141174316,-1.2545626163482666,-0.05119919776916504
1.0450000762939453,0.31916743516921997,0.3090762197971344,0.010091215372085571,-1.3456130027770996,-1.2763357162475586,-0.06927728652954102
1.0524998903274536,0.32140225172042847,0.3106529414653778,0.01074931025505066,-1.385462760925293,-1.2981082201004028,-0.08735454082489014
1.0600000619888306,0.3236371874809265,0.312229722738266,0.011407464742660522,-1.4253145456314087,-1.3198816776275635,-0.10543286800384521
1.067500114440918,0.3258720934391022,0.3138064742088318,0.012065619230270386,-1.465165615081787,-1.341654896736145,-0.12351071834564209
1.0749999284744263,0.32810690999031067,0.3153831660747528,0.012723743915557861,-1.5050153732299805,-1.3634274005889893,-0.1415879726409912
1.0824999809265137,0.33034181594848633,0.3170921206474304,0.013249695301055908,-1.5448664426803589,-1.3965673446655273,-0.14829909801483154
1.0900001525878906,0.3325767517089844,0.31906548142433167,0.01351127028465271,-1.5847182273864746,-1.4524410963058472,-0.13227713108062744
1.0974998474121094,0.3348115384578705,0.32103872299194336,0.013772815465927124,-1.6245673894882202,-1.50831139087677,-0.1162559986114502
1.1050000190734863,0.3370465040206909,0.323012113571167,0.014034390449523926,-1.664419174194336,-1.5641852617263794,-0.10023391246795654
1.1125000715255737,0.3392813801765442,0.32498544454574585,0.01429593563079834,-1.7042702436447144,-1.6200581789016724,-0.08421206474304199
1.119999885559082,0.3415162265300751,0.32695871591567993,0.014557510614395142,-1.7441200017929077,-1.6759294271469116,-0.0681905746459961
1.127500057220459,0.3437511622905731,0.32893210649490356,0.014819055795669556,-1.7839717864990234,-1.731803297996521,-0.05216848850250244
1.1350001096725464,0.3459860682487488,0.3309054374694824,0.015080630779266357,-1.8238228559494019,-1.787676215171814,-0.03614664077758789
1.1424999237060547,0.3482208847999573,0.3328787088394165,0.015342175960540771,-1.8636727333068848,-1.8435473442077637,-0.020125389099121094
1.1500000953674316,0.3504558205604553,0.33485209941864014,0.015603721141815186,-1.903524398803711,-1.899421215057373,-0.004103183746337891
1.1575002670288086,0.3524559736251831,0.3368254601955414,0.015630513429641724,-1.960949182510376,-1.9552950859069824,-0.005654096603393555
1.1649999618530273,0.3543853759765625,0.3387987017631531,0.015586674213409424,-2.0236542224884033,-2.0111653804779053,-0.012488842010498047
1.1725001335144043,0.35631489753723145,0.3407720625400543,0.015542834997177124,-2.0863630771636963,-2.0670392513275146,-0.01932382583618164
1.179999828338623,0.35824429988861084,0.3427453339099884,0.015498965978622437,-2.1490681171417236,-2.1229095458984375,-0.026158571243286133
1.1875,0.3601738214492798,0.34471869468688965,0.015455126762390137,-2.2117769718170166,-2.178783416748047,-0.03299355506896973
1.1950000524520874,0.36210331320762634,0.3466920256614685,0.015411287546157837,-2.274484872817993,-2.23465633392334,-0.03982853889465332
1.2024999856948853,0.3640327751636505,0.34866535663604736,0.01536741852760315,-2.3371918201446533,-2.2905282974243164,-0.046663522720336914
1.2100000381469727,0.36596229672431946,0.3506386876106262,0.015323609113693237,-2.399899959564209,-2.3464012145996094,-0.05349874496459961
1.21750009059906,0.367891788482666,0.3526120185852051,0.015279769897460938,-2.4626078605651855,-2.4022741317749023,-0.0603337287902832
1.2249999046325684,0.3698212206363678,0.35458528995513916,0.015235930681228638,-2.5253138542175293,-2.4581453800201416,-0.0671684741973877
1.2325000762939453,0.37175074219703674,0.3565586805343628,0.01519206166267395,-2.5880227088928223,-2.514019250869751,-0.07400345802307129
1.2400000095367432,0.3736802041530609,0.35853198170661926,0.01514822244644165,-2.6507296562194824,-2.5698912143707275,-0.08083844184875488
1.247499942779541,0.3756096661090851,0.36050528287887573,0.01510438323020935,-2.7134366035461426,-2.625763416290283,-0.08767318725585938
1.2549999952316284,0.37753915786743164,0.362478643655777,0.015060514211654663,-2.776144504547119,-2.681636333465576,-0.09450817108154297
1.2625000476837158,0.3794686794281006,0.3635953366756439,0.015873342752456665,-2.8388524055480957,-2.723478078842163,-0.11537432670593262
1.2699998617172241,0.38139811158180237,0.3629992604255676,0.01839885115623474,-2.9015583992004395,-2.7372660636901855,-0.1642923355102539
1.277500033378601,0.3833276331424713,0.36240318417549133,0.02092444896697998,-2.9642674922943115,-2.751054525375366,-0.2132129669189453
1.2850000858306885,0.38525712490081787,0.36180707812309265,0.02345004677772522,-3.026975393295288,-2.7648427486419678,-0.2621326446533203
1.2925000190734863,0.38718658685684204,0.36121103167533875,0.025975555181503296,-3.0896823406219482,-2.7786307334899902,-0.311051607131958
1.2999999523162842,0.3891160488128662,0.36061495542526245,0.02850109338760376,-3.1523892879486084,-2.7924187183380127,-0.3599705696105957
1.3075001239776611,0.39104557037353516,0.36001884937286377,0.031026721000671387,-3.2150981426239014,-2.8062074184417725,-0.4088907241821289
1.3149998188018799,0.39158475399017334,0.35942280292510986,0.03216195106506348,-3.2488367557525635,-2.8199949264526367,-0.42884182929992676
1.3224999904632568,0.3899422883987427,0.35882672667503357,0.031115561723709106,-3.2371203899383545,-2.8337833881378174,-0.4033370018005371
1.3300000429153442,0.3882998526096344,0.3582306504249573,0.030069202184677124,-3.2254040241241455,-2.847571611404419,-0.37783241271972656
1.337499976158142,0.3866574168205261,0.357634574174881,0.02902284264564514,-3.2136881351470947,-2.8613598346710205,-0.3523283004760742
1.3450000286102295,0.38501498103141785,0.3570384979248047,0.02797648310661316,-3.201972007751465,-2.875148057937622,-0.3268239498138428
1.3525002002716064,0.3833725154399872,0.356442391872406,0.026930123567581177,-3.1902554035186768,-2.8889365196228027,-0.301318883895874
1.3600000143051147,0.3817301094532013,0.3558463454246521,0.025883764028549194,-3.178539752960205,-2.902724266052246,-0.275815486907959
1.3675000667572021,0.380087673664093,0.3552502691745758,0.024837404489517212,-3.166823387145996,-2.9165124893188477,-0.25031089782714844
1.375000238418579,0.37844520807266235,0.3546541631221771,0.02379104495048523,-3.155107021331787,-2.9303009510040283,-0.2248060703277588
1.3824999332427979,0.37680283188819885,0.3540581166744232,0.022744715213775635,-3.1433913707733154,-2.9440886974334717,-0.19930267333984375
1.3900001049041748,0.3751603662967682,0.3534620404243469,0.021698325872421265,-3.1316750049591064,-2.9578771591186523,-0.1737978458404541
1.3975000381469727,0.3735179305076599,0.35286596417427063,0.020651966333389282,-3.1199591159820557,-2.971665143966675,-0.14829397201538086
1.4049999713897705,0.371875524520874,0.35226988792419434,0.019605636596679688,-3.108242988586426,-2.9854531288146973,-0.12278985977172852
1.412500023841858,0.37023308873176575,0.35167381167411804,0.018559277057647705,-3.096526861190796,-2.999241590499878,-0.09728527069091797
1.4200001955032349,0.3685905933380127,0.35107770562171936,0.017512887716293335,-3.084810495376587,-3.0130300521850586,-0.07178044319152832
1.4275000095367432,0.3669482171535492,0.35048165917396545,0.01646655797958374,-3.073094606399536,-3.026817798614502,-0.04627680778503418
1.4350001811981201,0.36530575156211853,0.3498855531215668,0.015420198440551758,-3.061378240585327,-3.0406062602996826,-0.02077198028564453
1.4424998760223389,0.36366337537765503,0.3481632173061371,0.015500158071517944,-3.0496625900268555,-3.0276691913604736,-0.021993398666381836
1.4500000476837158,0.36202090978622437,0.34418851137161255,0.017832398414611816,-3.0379462242126465,-2.9612908363342285,-0.07665538787841797
1.4574999809265137,0.3603784739971161,0.34021395444869995,0.020164519548416138,-3.0262300968170166,-2.8949146270751953,-0.1313154697418213
1.4649999141693115,0.3587360680103302,0.33623936772346497,0.022496700286865234,-3.014514207839966,-2.828538417816162,-0.1859757900238037
1.472499966621399,0.357064425945282,0.3322647511959076,0.02479967474937439,-3.0021910667419434,-2.7621610164642334,-0.24003005027770996
1.4800000190734863,0.35240721702575684,0.32829010486602783,0.024117112159729004,-2.92777943611145,-2.695783853530884,-0.2319955825805664
1.4874999523162842,0.34775006771087646,0.32431554794311523,0.02343451976776123,-2.8533689975738525,-2.6294076442718506,-0.22396135330200195
1.4950000047683716,0.3430928587913513,0.32034093141555786,0.022751927375793457,-2.7789573669433594,-2.563030481338501,-0.2159268856048584
1.502500057220459,0.3384356200695038,0.3163662850856781,0.022069334983825684,-2.704545736312866,-2.4966530799865723,-0.20789265632629395
1.5099999904632568,0.3337784707546234,0.3123917281627655,0.02138674259185791,-2.6301352977752686,-2.430276870727539,-0.1998584270477295
1.5174999237060547,0.32912132143974304,0.3084171414375305,0.020704180002212524,-2.555724859237671,-2.363900661468506,-0.19182419776916504
1.5250000953674316,0.3244640529155731,0.30444246530532837,0.02002158761024475,-2.4813122749328613,-2.2975223064422607,-0.18378996849060059
1.5324997901916504,0.3198070526123047,0.3004680275917053,0.019339025020599365,-2.4069039821624756,-2.2311482429504395,-0.17575573921203613
1.5399999618530273,0.3151497542858124,0.2964933216571808,0.018656432628631592,-2.332491397857666,-2.1647698879241943,-0.16772150993347168
1.5475001335144043,0.31049245595932007,0.29251864552497864,0.01797381043434143,-2.2580785751342773,-2.0983917713165283,-0.15968680381774902
1.5549999475479126,0.3058353662490845,0.2885441184043884,0.017291247844696045,-2.183669328689575,-2.0320165157318115,-0.15165281295776367
1.5625,0.3011781573295593,0.28456950187683105,0.01660865545272827,-2.109257698059082,-1.9656392335891724,-0.14361846446990967
1.570000171661377,0.296520859003067,0.2805947959423065,0.015926063060760498,-2.0348448753356934,-1.8992609977722168,-0.13558387756347656
1.5774999856948853,0.2918637990951538,0.2766202986240387,0.015243500471115112,-1.9604356288909912,-1.8328857421875,-0.1275498867034912
1.5850000381469727,0.2872065603733063,0.2726456820964813,0.014560878276824951,-1.886023998260498,-1.7665085792541504,-0.11951541900634766
1.5925002098083496,0.28254926204681396,0.2686709761619568,0.013878285884857178,-1.811611294746399,-1.7001302242279053,-0.11148107051849365
1.5999999046325684,0.27789226174354553,0.26469653844833374,0.013195723295211792,-1.7372031211853027,-1.633756160736084,-0.10344696044921875
1.6075000762939453,0.2732349932193756,0.2607218325138092,0.012513160705566406,-1.6627904176712036,-1.5673778057098389,-0.09541261196136475
1.6150000095367432,0.26857784390449524,0.2567472755908966,0.011830568313598633,-1.588379979133606,-1.5010015964508057,-0.08737838268280029
1.622499942779541,0.26392069458961487,0.25281643867492676,0.01110425591468811,-1.5139695405960083,-1.4435219764709473,-0.07044756412506104
1.6299999952316284,0.25926345586776733,0.24897301197052002,0.010290443897247314,-1.4395579099655151,-1.4038313627243042,-0.03572654724121094
1.6375001668930054,0.2549460828304291,0.2451295256614685,0.009816557168960571,-1.3862849473953247,-1.3641400337219238,-0.02214491367340088
1.6449999809265137,0.2508283257484436,0.24128621816635132,0.009542107582092285,-1.3454174995422363,-1.3244507312774658,-0.020966768264770508
1.6525001525878906,0.246710404753685,0.2374427318572998,0.009267672896385193,-1.3045480251312256,-1.2847594022750854,-0.019788622856140137
1.6599998474121094,0.2425927221775055,0.2335994839668274,0.0089932382106781,-1.2636812925338745,-1.2450706958770752,-0.018610596656799316
1.6675000190734863,0.2384747862815857,0.22975599765777588,0.008718788623809814,-1.2228118181228638,-1.2053794860839844,-0.017432332038879395
1.6749999523162842,0.23435696959495544,0.22591263055801392,0.008444339036941528,-1.1819437742233276,-1.165689468383789,-0.016254305839538574
1.682499885559082,0.2302391529083252,0.22206926345825195,0.008169889450073242,-1.1410757303237915,-1.1259994506835938,-0.015076279640197754
1.6899999380111694,0.22612129151821136,0.21822583675384521,0.00789545476436615,-1.100206971168518,-1.0863088369369507,-0.013898134231567383
1.6974999904632568,0.22200341522693634,0.21438239514827728,0.007621020078659058,-1.0593382120132446,-1.0466182231903076,-0.012719988822937012
1.7049999237060547,0.2178855985403061,0.21053902804851532,0.0073465704917907715,-1.018470048904419,-1.0069282054901123,-0.01154184341430664
1.712499976158142,0.21376772224903107,0.20669560134410858,0.007072120904922485,-0.9776013493537903,-0.9672375917434692,-0.010363757610321045
1.7200000286102295,0.20964984595775604,0.20285217463970184,0.006797671318054199,-0.9367325901985168,-0.9275469779968262,-0.009185612201690674
1.7274999618530273,0.205532044172287,0.19900880753993988,0.006523236632347107,-0.8958645462989807,-0.8878569602966309,-0.008007586002349854
1.7350001335144043,0.201414093375206,0.19516532123088837,0.006248772144317627,-0.8549951314926147,-0.84816575050354,-0.006829380989074707
1.7425000667572021,0.19729629158973694,0.1913219541311264,0.005974337458610535,-0.8141270279884338,-0.8084757328033447,-0.005651295185089111
1.75,0.1931784749031067,0.18747858703136444,0.0056998878717422485,-0.7732589244842529,-0.7687857151031494,-0.004473209381103516
1.7574999332427979,0.18906067311763763,0.18363521993160248,0.005425453186035156,-0.732390820980072,-0.7290957570075989,-0.0032950639724731445
1.7650001049041748,0.18494272232055664,0.17979171872138977,0.00515100359916687,-0.6915214657783508,-0.6894044876098633,-0.002116978168487549
1.772499918937683,0.18082498013973236,0.17594841122627258,0.004876568913459778,-0.6506540179252625,-0.6497151255607605,-0.0009388923645019531
1.78000009059906,0.17670704424381256,0.17210492491722107,0.004602119326591492,-0.6097846031188965,-0.6100238561630249,0.00023925304412841797
1.7875001430511475,0.17258916795253754,0.16826149821281433,0.004327669739723206,-0.568915843963623,-0.5703332424163818,0.001417398452758789
1.7949999570846558,0.16882774233818054,0.16441819071769714,0.0044095516204833984,-0.5349693298339844,-0.530643880367279,-0.004325449466705322
1.8025000095367432,0.16613149642944336,0.16102786362171173,0.005103632807731628,-0.5217135548591614,-0.5002989768981934,-0.021414577960968018
1.8100001811981201,0.1634352207183838,0.15854327380657196,0.004891946911811829,-0.5084575414657593,-0.4886368215084076,-0.019820719957351685
1.8174998760223389,0.16073910892009735,0.15605884790420532,0.004680261015892029,-0.49520236253738403,-0.4769754111766815,-0.018226951360702515
1.8250000476837158,0.15804283320903778,0.15357425808906555,0.004468575119972229,-0.48194634914398193,-0.46531328558921814,-0.016633063554763794
1.8325001001358032,0.1553465873003006,0.15108971297740936,0.004256874322891235,-0.46869057416915894,-0.4536513090133667,-0.015039265155792236
1.8399999141693115,0.15265043079853058,0.14860524237155914,0.0040451884269714355,-0.455435186624527,-0.4419897198677063,-0.013445466756820679
1.847499966621399,0.1499541997909546,0.14612068235874176,0.0038335174322128296,-0.442179411649704,-0.43032774329185486,-0.011851668357849121
1.8550001382827759,0.14725790917873383,0.14363610744476318,0.003621801733970642,-0.4289233982563019,-0.4186656177043915,-0.0102577805519104
1.8624999523162842,0.144561767578125,0.14115163683891296,0.003410130739212036,-0.4156680107116699,-0.4070040285587311,-0.008663982152938843
1.8700001239776611,0.14186547696590424,0.1386670470237732,0.0031984299421310425,-0.4024120271205902,-0.3953418731689453,-0.0070701539516448975
1.877500057220459,0.13916929066181183,0.1361825317144394,0.0029867589473724365,-0.38915643095970154,-0.3836801052093506,-0.005476325750350952
1.8849999904632568,0.13647308945655823,0.13369803130626678,0.002775058150291443,-0.37590086460113525,-0.37201830744743347,-0.0038825571537017822
1.8924999237060547,0.13377688825130463,0.13121351599693298,0.002563372254371643,-0.3626452684402466,-0.36035653948783875,-0.002288728952407837
1.9000000953674316,0.13108061254024506,0.1287289261817932,0.0023516863584518433,-0.3493892550468445,-0.348694384098053,-0.0006948709487915039
1.90749990940094,0.12838445603847504,0.126244455575943,0.0021400004625320435,-0.3361338973045349,-0.3370327949523926,0.000898897647857666
1.915000081062317,0.12568818032741547,0.12375987321138382,0.0019283071160316467,-0.3228778839111328,-0.3253706693649292,0.0024927854537963867
1.9224998950958252,0.12299202382564545,0.1212754026055336,0.001716621220111847,-0.30962252616882324,-0.3137090802192688,0.004086554050445557
1.9300000667572021,0.12029574066400528,0.11879081279039383,0.0015049278736114502,-0.29636651277542114,-0.30204692482948303,0.00568041205406189
1.9375001192092896,0.1175995022058487,0.11630626767873764,0.0012932345271110535,-0.28311070799827576,-0.2903849482536316,0.007274240255355835
1.9449999332427979,0.11490334570407867,0.11382179707288742,0.0010815486311912537,-0.2698553502559662,-0.2787233591079712,0.008868008852005005
1.9525001049041748,0.11220706254243851,0.11133721470832825,0.00086984783411026,-0.2565993368625641,-0.2670612335205078,0.010461896657943726
1.9600000381469727,0.11033814400434494,0.10885269939899445,0.0014854446053504944,-0.2501675486564636,-0.2553994357585907,0.005231887102127075
1.9674999713897705,0.10859163105487823,0.10636819154024124,0.0022234395146369934,-0.2447454035282135,-0.24373766779899597,-0.0010077357292175293
1.9749999046325684,0.10684511065483093,0.10388368368148804,0.0029614269733428955,-0.23932327330112457,-0.23207589983940125,-0.007247373461723328
1.9825000762939453,0.10509854555130005,0.10171552747488022,0.0033830180764198303,-0.23390096426010132,-0.22279667854309082,-0.011104285717010498
1.9899998903274536,0.10335205495357513,0.10018032044172287,0.0031717345118522644,-0.22847890853881836,-0.21828356385231018,-0.010195344686508179
1.9975000619888306,0.10160548239946365,0.09864503145217896,0.0029604509472846985,-0.2230565994977951,-0.21377024054527283,-0.009286358952522278
2.005000114440918,0.09985893964767456,0.09710977226495743,0.0027491673827171326,-0.21763436496257782,-0.20925697684288025,-0.00837738811969757
2.012500047683716,0.09811242669820786,0.0955745279788971,0.0025378987193107605,-0.2122122347354889,-0.20474378764629364,-0.0074684470891952515
2.0199999809265137,0.09636590629816055,0.09403929114341736,0.0023266151547431946,-0.20679008960723877,-0.20023059844970703,-0.006559491157531738
2.0275001525878906,0.09461934119462967,0.09250400960445404,0.0021153315901756287,-0.20136778056621552,-0.19571727514266968,-0.005650505423545837
2.0349998474121094,0.09287288039922714,0.09096881747245789,0.0019040629267692566,-0.19594581425189972,-0.191204234957695,-0.004741579294204712
2.0425000190734863,0.09112630784511566,0.08943352848291397,0.0016927793622016907,-0.19052349030971527,-0.18669089674949646,-0.003832593560218811
2.0500001907348633,0.08937973529100418,0.08789824694395065,0.0014814883470535278,-0.18510118126869202,-0.1821775585412979,-0.002923622727394104
2.057499885559082,0.08763327449560165,0.0863630548119545,0.0012702196836471558,-0.17967921495437622,-0.17766451835632324,-0.0020146965980529785
2.065000057220459,0.08588670194149017,0.08482777327299118,0.001058928668498993,-0.17425690591335297,-0.1731511950492859,-0.0011057108640670776
2.072500228881836,0.08414012938737869,0.08329248428344727,0.000847645103931427,-0.1688345968723297,-0.16863785684108734,-0.0001967400312423706
2.0799999237060547,0.08239367604255676,0.08175729215145111,0.0006363838911056519,-0.16341263055801392,-0.16412481665611267,0.0007121860980987549
2.0875000953674316,0.08064710348844528,0.08022201061248779,0.000425092875957489,-0.15799030661582947,-0.15961147844791412,0.0016211718320846558
2.0950000286102295,0.07890058308839798,0.07868677377700806,0.0002138093113899231,-0.15256817638874054,-0.15509828925132751,0.002530112862586975
2.1024999618530273,0.07715407013893127,0.07715152949094772,2.5406479835510254e-06,-0.14714603126049042,-0.1505851000547409,0.0034390687942504883
2.109999895095825,0.07540755718946457,0.07561629265546799,-0.00020873546600341797,-0.1417239010334015,-0.1460719257593155,0.0043480247259140015
2.117500066757202,0.07395783811807632,0.07408101111650467,-0.00012317299842834473,-0.13759486377239227,-0.14155858755111694,0.00396372377872467
2.125,0.07281522452831268,0.07254577428102493,0.00026945024728775024,-0.13480369746685028,-0.13704539835453033,0.0022417008876800537
2.132500171661377,0.07167257368564606,0.07101048529148102,0.0006620883941650391,-0.13201242685317993,-0.13253207504749298,0.0005196481943130493
2.1399998664855957,0.0705299898982048,0.06947529315948486,0.0010546967387199402,-0.1292213499546051,-0.12801901996135712,-0.0012023299932479858
2.1475000381469727,0.06938733905553818,0.06794001162052155,0.001447327435016632,-0.12643009424209595,-0.12350569665431976,-0.002924397587776184
2.1550002098083496,0.06824468821287155,0.06640472263097763,0.001839965581893921,-0.1236388310790062,-0.11899236589670181,-0.004646465182304382
2.1624999046325684,0.0671021118760109,0.06505914777517319,0.0020429641008377075,-0.12084775418043137,-0.1152464747428894,-0.005601279437541962
2.1700000762939453,0.06595946103334427,0.06409269571304321,0.001866765320301056,-0.11805649846792221,-0.11303461343050003,-0.00502188503742218
2.177500009536743,0.06481684744358063,0.06312627345323563,0.0016905739903450012,-0.11526532471179962,-0.11082282662391663,-0.004442498087882996
2.184999942779541,0.06367423385381699,0.062159858644008636,0.0015143752098083496,-0.11247415840625763,-0.10861103981733322,-0.003863118588924408
2.192499876022339,0.06253162026405334,0.06119343638420105,0.001338183879852295,-0.10968298465013504,-0.10639925301074982,-0.0032837316393852234
2.200000047683716,0.06138896569609642,0.060226988047361374,0.0011619776487350464,-0.10689172893762589,-0.10418739169836044,-0.002704337239265442
2.2074999809265137,0.06024635210633278,0.059260569512844086,0.0009857825934886932,-0.1041005551815033,-0.10197560489177704,-0.0021249502897262573
2.2150001525878906,0.05910370126366615,0.05829411745071411,0.0008095838129520416,-0.10130929946899414,-0.09976374357938766,-0.0015455558896064758
2.2225000858306885,0.05796108767390251,0.05732769891619682,0.0006333887577056885,-0.09851812571287155,-0.09755195677280426,-0.0009661689400672913
2.2300000190734863,0.05681847035884857,0.056361280381679535,0.00045718997716903687,-0.09572695940732956,-0.09534016251564026,-0.00038679689168930054
2.237499952316284,0.05567585676908493,0.05539485812187195,0.0002809986472129822,-0.09293578565120697,-0.09312837570905685,0.00019259005784988403
2.245000123977661,0.054533205926418304,0.05442840978503227,0.0001047961413860321,-0.09014452993869781,-0.09091651439666748,0.0007719844579696655
2.25249981880188,0.05339062958955765,0.05346202105283737,-7.139146327972412e-05,-0.08735344558954239,-0.08870480209589005,0.0013513565063476562
2.259999990463257,0.05224797874689102,0.052495572715997696,-0.0002475939691066742,-0.08456218987703323,-0.08649294078350067,0.0019307509064674377
2.2674999237060547,0.05110536143183708,0.05152915045619011,-0.00042378902435302734,-0.08177102357149124,-0.08428115397691727,0.0025101304054260254
2.2749998569488525,0.05000545457005501,0.05056273192167282,-0.0005572773516178131,-0.07912103831768036,-0.08206935971975327,0.0029483214020729065
2.2825000286102295,0.0492442362010479,0.049596283584833145,-0.0003520473837852478,-0.07759084552526474,-0.07985750585794449,0.0022666603326797485
2.2899999618530273,0.04848304018378258,0.04862986132502556,-0.00014682114124298096,-0.0760607048869133,-0.07764571160078049,0.0015850067138671875
2.297499895095825,0.047721847891807556,0.04766344279050827,5.840510129928589e-05,-0.07453055679798126,-0.07543392479419708,0.0009033679962158203
2.305000066757202,0.046960629522800446,0.046696994453668594,0.0002636350691318512,-0.07300036400556564,-0.07322206348180771,0.00022169947624206543
2.312500238418579,0.046199411153793335,0.04573054239153862,0.00046886876225471497,-0.07147017121315002,-0.07101020961999893,-0.00045996159315109253
2.319999933242798,0.045438241213560104,0.04476415365934372,0.0006740875542163849,-0.06994008272886276,-0.0687984898686409,-0.0011415928602218628
2.327500104904175,0.044677022844552994,0.043797705322504044,0.0008793175220489502,-0.06840988993644714,-0.06658662855625153,-0.0018232613801956177
2.3350000381469727,0.04391583055257797,0.04283128306269646,0.0010845474898815155,-0.0668797418475151,-0.06437484174966812,-0.002504900097846985
2.3424999713897705,0.04315463453531265,0.04198182001709938,0.001172814518213272,-0.06534960120916367,-0.06251776963472366,-0.0028318315744400024
2.3499999046325684,0.04239344224333763,0.04136621952056885,0.0010272227227687836,-0.06381945312023163,-0.06136998534202576,-0.0024494677782058716
2.3575000762939453,0.04163222387433052,0.04075060412287712,0.0008816197514533997,-0.06228926405310631,-0.060222163796424866,-0.0020671002566814423
2.365000009536743,0.0408710315823555,0.04013500362634659,0.0007360279560089111,-0.06075911968946457,-0.05907438322901726,-0.0016847364604473114
2.372499942779541,0.04010983556509018,0.039519403129816055,0.0005904324352741241,-0.05922897532582283,-0.05792659893631935,-0.001302376389503479
2.380000114440918,0.03934861719608307,0.03890378400683403,0.0004448331892490387,-0.05769878253340721,-0.05677878111600876,-0.0009200014173984528
2.387500047683716,0.03858742490410805,0.038288187235593796,0.0002992376685142517,-0.05616864189505577,-0.05563100054860115,-0.0005376413464546204
2.3949999809265137,0.03782622888684273,0.03767258673906326,0.00015364214777946472,-0.05463849753141403,-0.054483216255903244,-0.00015528127551078796
2.4024999141693115,0.037065036594867706,0.03705698624253273,8.050352334976196e-06,-0.05310835316777229,-0.053335435688495636,0.0002270825207233429
2.4099998474121094,0.036303844302892685,0.036441389471292496,-0.0001375451683998108,-0.051578208804130554,-0.05218765139579773,0.0006094425916671753
2.4175000190734863,0.035542625933885574,0.03582577034831047,-0.00028314441442489624,-0.050048016011714935,-0.05103983357548714,0.0009918175637722015
2.424999952316284,0.034781429916620255,0.03521016985177994,-0.00042873993515968323,-0.048517875373363495,-0.04989205300807953,0.001374177634716034
2.432499885559082,0.03402023762464523,0.034594569355249405,-0.0005743317306041718,-0.046987731009721756,-0.04874426871538162,0.0017565377056598663
2.440000057220459,0.0334438681602478,0.03397895023226738,-0.000535082072019577,-0.045943085104227066,-0.04759645089507103,0.0016533657908439636
2.447499990463257,0.03293505311012268,0.033363353461027145,-0.0004283003509044647,-0.04507586732506752,-0.04644866660237312,0.001372799277305603
2.4549999237060547,0.03242623805999756,0.03274775296449661,-0.00032151490449905396,-0.044208649545907974,-0.045300886034965515,0.001092236489057541
2.4625000953674316,0.031917404383420944,0.03213213384151459,-0.0002147294580936432,-0.04334140196442604,-0.04415306821465492,0.0008116662502288818
2.4699997901916504,0.031408607959747314,0.031516555696725845,-0.00010794773697853088,-0.04247421398758888,-0.04300532117486,0.0005311071872711182
2.4774999618530273,0.03089977614581585,0.03090093657374382,-1.1604279279708862e-06,-0.04160696640610695,-0.04185750335454941,0.0002505369484424591
2.4850001335144043,0.030390944331884384,0.030285317450761795,0.00010562688112258911,-0.040739722549915314,-0.04070968180894852,-3.0040740966796875e-05
2.492499828338623,0.029882144182920456,0.029669737443327904,0.00021240673959255219,-0.03987253084778786,-0.03956193849444389,-0.0003105923533439636
2.5,0.02937331423163414,0.02905411832034588,0.0003191959112882614,-0.03900528699159622,-0.0384141206741333,-0.0005911663174629211
2.507500171661377,0.028864482417702675,0.028438499197363853,0.0004259832203388214,-0.03813803941011429,-0.03726629912853241,-0.0008717402815818787
2.5149998664855957,0.028355682268738747,0.02782292105257511,0.0005327612161636353,-0.03727085143327713,-0.036118555814027786,-0.0011522956192493439
2.5225000381469727,0.02784685231745243,0.02728072740137577,0.0005661249160766602,-0.036403607577085495,-0.035146042704582214,-0.0012575648725032806
2.5300002098083496,0.027338020503520966,0.026885347440838814,0.0004526730626821518,-0.03553635999560356,-0.034524042159318924,-0.0010123178362846375
2.5374999046325684,0.026829220354557037,0.026489991694688797,0.00033922865986824036,-0.0346691720187664,-0.03390208259224892,-0.0007670894265174866
2.5450000762939453,0.02632039040327072,0.02609460987150669,0.00022578053176403046,-0.03380192443728447,-0.033280085772275925,-0.0005218386650085449
2.552500009536743,0.0258115753531456,0.02569924108684063,0.00011233426630496979,-0.032934706658124924,-0.032658107578754425,-0.00027659907937049866
2.559999942779541,0.025302758440375328,0.025303872302174568,-1.1138617992401123e-06,-0.03206748887896538,-0.03203612565994263,-3.1363219022750854e-05
2.567500114440918,0.024793928489089012,0.02490849234163761,-0.00011456385254859924,-0.031200245022773743,-0.031414128839969635,0.00021388381719589233
2.575000286102295,0.024285096675157547,0.024513110518455505,-0.00022801384329795837,-0.03033299930393696,-0.030792128294706345,0.0004591289907693863
2.5824999809265137,0.02377629652619362,0.02411775477230549,-0.0003414582461118698,-0.02946580946445465,-0.030170168727636337,0.0007043592631816864
2.5900001525878906,0.023267466574907303,0.023722374811768532,-0.00045490823686122894,-0.028598563745617867,-0.029548170045018196,0.0009496062994003296
2.5975000858306885,0.022817162796854973,0.02332700602710247,-0.0005098432302474976,-0.027858145534992218,-0.028926191851496696,0.0010680463165044785
2.6050000190734863,0.022474152967333794,0.02293163724243641,-0.00045748427510261536,-0.02735023759305477,-0.028304211795330048,0.0009539742022752762
2.612499952316284,0.022131143137812614,0.022536268457770348,-0.00040512531995773315,-0.026842331513762474,-0.027682233601808548,0.0008399020880460739
2.619999885559082,0.021788133308291435,0.022140899673104286,-0.00035276636481285095,-0.026334425434470177,-0.0270602535456419,0.0007258281111717224
2.62749981880188,0.021445125341415405,0.021745530888438225,-0.0003004055470228195,-0.02582651935517788,-0.0264382753521204,0.0006117559969425201
2.634999990463257,0.02110210433602333,0.021350150927901268,-0.0002480465918779373,-0.02531859651207924,-0.02581627666950226,0.0004976801574230194
2.6424999237060547,0.02075909450650215,0.020954782143235207,-0.00019568763673305511,-0.024810688570141792,-0.02519429661333561,0.00038360804319381714
2.6500000953674316,0.020416073501110077,0.0205594003200531,-0.00014332681894302368,-0.024302765727043152,-0.024572297930717468,0.0002695322036743164
2.6575000286102295,0.020073065534234047,0.02016403339803219,-9.096786379814148e-05,-0.023794859647750854,-0.02395031973719597,0.00015546008944511414
2.6649999618530273,0.019730055704712868,0.019768664613366127,-3.860890865325928e-05,-0.023286953568458557,-0.02332833968102932,4.1386112570762634e-05
2.672499895095825,0.01938704587519169,0.019373295828700066,1.3750046491622925e-05,-0.02277904748916626,-0.02270636148750782,-7.268600165843964e-05
2.680000066757202,0.019044024869799614,0.01897791400551796,6.611086428165436e-05,-0.02227112464606762,-0.02208436094224453,-0.0001867637038230896
2.687499761581421,0.01870102621614933,0.018582558259367943,0.00011846795678138733,-0.021763233467936516,-0.02146240323781967,-0.0003008302301168442
2.694999933242798,0.018358007073402405,0.018187178298830986,0.00017082877457141876,-0.021255310624837875,-0.02084040269255638,-0.00041490793228149414
2.702500104904175,0.01801498606801033,0.01783832162618637,0.00017666444182395935,-0.020747387781739235,-0.020309466868638992,-0.0004379209131002426
2.7100000381469727,0.01767197623848915,0.01758250966668129,8.946657180786133e-05,-0.020239481702446938,-0.019960641860961914,-0.0002788398414850235
2.7174999713897705,0.017328966408967972,0.01732669584453106,2.2705644369125366e-06,-0.01973157376050949,-0.019611816853284836,-0.00011975690722465515
2.7250001430511475,0.016985947266221046,0.01707087643444538,-8.492916822433472e-05,-0.019223652780056,-0.019262980669736862,3.932788968086243e-05
2.7325000762939453,0.016642937436699867,0.01681506261229515,-0.0001721251755952835,-0.018715744838118553,-0.018914155662059784,0.00019841082394123077
2.740000009536743,0.016299927607178688,0.01655925065279007,-0.00025932304561138153,-0.018207838758826256,-0.018565330654382706,0.0003574918955564499
2.74750018119812,0.015956906601786613,0.01630343124270439,-0.000346524640917778,-0.017699915915727615,-0.018216494470834732,0.0005165785551071167
2.754999876022339,0.015613908879458904,0.016047626733779907,-0.00043371785432100296,-0.017192024737596512,-0.01786768063902855,0.0006756559014320374
2.762500047683716,0.015379203483462334,0.01579180546104908,-0.0004126019775867462,-0.0168826375156641,-0.017518844455480576,0.0006362069398164749
2.7699999809265137,0.015147476457059383,0.015535993501543999,-0.0003885170444846153,-0.016578707844018936,-0.017170017585158348,0.0005913097411394119
2.7774999141693115,0.014915750361979008,0.015280180610716343,-0.0003644302487373352,-0.016274776309728622,-0.01682119257748127,0.0005464162677526474
2.7850000858306885,0.014684016816318035,0.01502436026930809,-0.0003403434529900551,-0.015970835462212563,-0.016472356393933296,0.0005015209317207336
2.7925000190734863,0.014452289789915085,0.014768547378480434,-0.0003162575885653496,-0.01566690392792225,-0.016123531386256218,0.0004566274583339691
2.799999952316284,0.01422056369483471,0.014512735418975353,-0.0002921717241406441,-0.01536297332495451,-0.01577470637857914,0.00041173305362463
2.807500123977661,0.013988830149173737,0.0142569150775671,-0.00026808492839336395,-0.01505903247743845,-0.015425870195031166,0.0003668377175927162
2.815000057220459,0.013757103122770786,0.014001102186739445,-0.00024399906396865845,-0.01475510187447071,-0.015077045187354088,0.0003219433128833771
2.822499990463257,0.01352537702769041,0.013745290227234364,-0.00021991319954395294,-0.014451170340180397,-0.01472822017967701,0.00027704983949661255
2.8299999237060547,0.013293650932610035,0.013489477336406708,-0.00019582640379667282,-0.014147239737212658,-0.014379394240677357,0.0002321545034646988
2.8375000953674316,0.013061916455626488,0.013233656994998455,-0.00017174053937196732,-0.013843298889696598,-0.014030558057129383,0.00018725916743278503
2.8449997901916504,0.012830197811126709,0.01297785248607397,-0.0001476546749472618,-0.013539377599954605,-0.0136817442253232,0.00014236662536859512
2.8524999618530273,0.012598463334143162,0.012722032144665718,-0.0001235688105225563,-0.013235436752438545,-0.013332908041775227,9.747128933668137e-05
2.8600001335144043,0.01236672978848219,0.012466211803257465,-9.948201477527618e-05,-0.01293149683624506,-0.012984071858227253,5.257502198219299e-05
2.867500066757202,0.012135003693401814,0.01221039891242981,-7.539521902799606e-05,-0.012627565301954746,-0.0126352459192276,7.680617272853851e-06
2.875,0.011903276666998863,0.011954586952924728,-5.131028592586517e-05,-0.012323634698987007,-0.012286420911550522,-3.721378743648529e-05
2.882499933242798,0.011671550571918488,0.011728516779839993,-5.6966207921504974e-05,-0.012019703164696693,-0.011986946687102318,-3.275647759437561e-05
2.890000104904175,0.011439817026257515,0.01156190037727356,-0.00012208335101604462,-0.011715762317180634,-0.011786121875047684,7.035955786705017e-05
2.8975000381469727,0.011208089999854565,0.01139528863132,-0.00018719863146543503,-0.011411831714212894,-0.011585302650928497,0.00017347093671560287
2.9049999713897705,0.010976363904774189,0.01122867688536644,-0.0002523129805922508,-0.011107901111245155,-0.011384483426809311,0.0002765823155641556
2.9124999046325684,0.010744637809693813,0.01106206513941288,-0.0003174273297190666,-0.010803969576954842,-0.011183664202690125,0.0003796946257352829
2.9200000762939453,0.010556379333138466,0.010895447805523872,-0.0003390684723854065,-0.01056977454572916,-0.01098283939063549,0.0004130648449063301
2.927499771118164,0.010397877544164658,0.01072884164750576,-0.0003309641033411026,-0.010383311659097672,-0.010782026685774326,0.0003987150266766548
2.934999942779541,0.010239366441965103,0.010562224313616753,-0.0003228578716516495,-0.010196837596595287,-0.010581200942397118,0.0003843633458018303
2.942500114440918,0.010080855339765549,0.010395606979727745,-0.00031475163996219635,-0.010010363534092903,-0.010380376130342484,0.0003700125962495804
2.950000047683716,0.009922349825501442,0.010228995233774185,-0.0003066454082727432,-0.009823895059525967,-0.010179556906223297,0.0003556618466973305
2.9574999809265137,0.00976384337991476,0.010062383487820625,-0.0002985401079058647,-0.009637427516281605,-0.00997873768210411,0.00034131016582250595
2.9650001525878906,0.009605332277715206,0.009895767085254192,-0.0002904348075389862,-0.009450952522456646,-0.009777912870049477,0.00032696034759283066
2.9724998474121094,0.009446831420063972,0.009729159995913506,-0.0002823285758495331,-0.009264490567147732,-0.009577100165188313,0.00031260959804058075
2.9800000190734863,0.009288320317864418,0.009562543593347073,-0.00027422327548265457,-0.009078016504645348,-0.009376274421811104,0.0002982579171657562
2.987499952316284,0.009129813872277737,0.009395931847393513,-0.00026611797511577606,-0.008891548030078411,-0.009175456129014492,0.00028390809893608093
2.994999885559082,0.008971307426691055,0.009229320101439953,-0.00025801267474889755,-0.00870508048683405,-0.008974636904895306,0.0002695564180612564
3.002500057220459,0.0088127963244915,0.009062702767550945,-0.00024990644305944443,-0.008518606424331665,-0.008773811161518097,0.0002552047371864319
3.010000228881836,0.008654285222291946,0.008896085433661938,-0.0002418002113699913,-0.008332131430506706,-0.008572986349463463,0.0002408549189567566
3.0174999237060547,0.008495784364640713,0.008729479275643826,-0.0002336949110031128,-0.008145669475197792,-0.008372173644602299,0.00022650416940450668
3.0250000953674316,0.008337273262441158,0.008562861941754818,-0.00022558867931365967,-0.007959195412695408,-0.00817134790122509,0.00021215248852968216
3.0325000286102295,0.008178766816854477,0.008396250195801258,-0.00021748337894678116,-0.007772727403789759,-0.007970528677105904,0.00019780127331614494
3.0399999618530273,0.008020260371267796,0.008229638449847698,-0.00020937807857990265,-0.007586258929222822,-0.0077697099186480045,0.00018345098942518234
3.047499895095825,0.007861754857003689,0.008063026703894138,-0.00020127184689044952,-0.007399790920317173,-0.0075688911601901054,0.00016910023987293243
3.055000066757202,0.007703243289142847,0.007896410301327705,-0.00019316701218485832,-0.0072133163921535015,-0.007368065882474184,0.00015474949032068253
3.0625,0.007544737309217453,0.007748954929411411,-0.00020421762019395828,-0.007026848383247852,-0.00719485292211175,0.00016800453886389732
3.069999933242798,0.007386231329292059,0.007639800198376179,-0.0002535688690841198,-0.006840380374342203,-0.007076833862811327,0.00023645348846912384
3.077500104904175,0.007238700520247221,0.007530641742050648,-0.00029194122180342674,-0.006669280119240284,-0.006958811543881893,0.0002895314246416092
3.0850000381469727,0.007131458725780249,0.007421487011015415,-0.00029002828523516655,-0.0065545872785151005,-0.0068407924845814705,0.00028620520606637
3.0925002098083496,0.007024213206022978,0.0073123290203511715,-0.00028811581432819366,-0.006439891178160906,-0.006722770165652037,0.00028287898749113083
3.0999999046325684,0.006916974671185017,0.00720317754894495,-0.00028620287775993347,-0.006325202062726021,-0.0066047548316419125,0.00027955276891589165
3.1075000762939453,0.006809729151427746,0.007094019558280706,-0.0002842904068529606,-0.006210505496710539,-0.006486732512712479,0.0002762270160019398
3.115000009536743,0.006702486891299486,0.006984864827245474,-0.0002823779359459877,-0.006095813121646643,-0.006368713453412056,0.0002729003317654133
3.122499942779541,0.006595245096832514,0.006875710096210241,-0.0002804649993777275,-0.005981120280921459,-0.006250694394111633,0.0002695741131901741
3.129999876022339,0.006488002836704254,0.006766555365175009,-0.0002785525284707546,-0.005866427440196276,-0.006132675800472498,0.00026624836027622223
3.137500047683716,0.006380757782608271,0.006657397374510765,-0.00027663959190249443,-0.005751731339842081,-0.006014653015881777,0.00026292167603969574
3.1449999809265137,0.006273515522480011,0.0065482426434755325,-0.00027472712099552155,-0.005637038499116898,-0.0058966344222426414,0.00025959592312574387
3.1524999141693115,0.006166273728013039,0.0064390879124403,-0.00027281418442726135,-0.005522345658391714,-0.005778615362942219,0.0002562697045505047
3.1600000858306885,0.006059028208255768,0.006329929456114769,-0.00027090124785900116,-0.0054076495580375195,-0.005660592578351498,0.0002529430203139782
3.1675000190734863,0.005951785948127508,0.0062207747250795364,-0.0002689887769520283,-0.005292956717312336,-0.005542573984712362,0.0002496172674000263
3.174999952316284,0.005844544153660536,0.006111619994044304,-0.0002670758403837681,-0.0051782638765871525,-0.00542455492541194,0.00024629104882478714
3.182500123977661,0.005737298633903265,0.00600246200338006,-0.0002651633694767952,-0.005063567776232958,-0.005306532606482506,0.00024296483024954796
3.18999981880188,0.005630060099065304,0.005893310997635126,-0.0002632508985698223,-0.004948878660798073,-0.005188517272472382,0.00023963861167430878
3.197499990463257,0.005522814579308033,0.005784152541309595,-0.0002613379620015621,-0.004834182094782591,-0.005070494953542948,0.0002363128587603569
3.2049999237060547,0.005415572319179773,0.0056749978102743626,-0.00025942549109458923,-0.004719489719718695,-0.004952475894242525,0.00023298617452383041
3.2124998569488525,0.005308330524712801,0.00556584307923913,-0.00025751255452632904,-0.004604796878993511,-0.004834456834942102,0.00022965995594859123
3.2200000286102295,0.00520108500495553,0.005456685088574886,-0.00025560008361935616,-0.0044901007786393166,-0.004716434516012669,0.00022633373737335205
3.2275002002716064,0.005093839485198259,0.005347526632249355,-0.00025368714705109596,-0.004375404212623835,-0.0045984117314219475,0.00022300751879811287
3.234999895095825,0.004986600950360298,0.005238375626504421,-0.0002517746761441231,-0.00426071509718895,-0.004480396863073111,0.000219681765884161
3.242500066757202,0.00490714143961668,0.005141642410308123,-0.0002345009706914425,-0.0041810981929302216,-0.00437820702791214,0.00019710883498191833
3.25,0.00483499001711607,0.005069761537015438,-0.00023477151989936829,-0.004110706504434347,-0.004307684954255819,0.00019697844982147217
3.257499933242798,0.004762838128954172,0.004997881129384041,-0.0002350430004298687,-0.00404031528159976,-0.004237162880599499,0.0001968475989997387
3.2649998664855957,0.004690686706453562,0.004926000256091356,-0.0002353135496377945,-0.003969923593103886,-0.004166640806943178,0.00019671721383929253
3.2725000381469727,0.004618532955646515,0.004854117054492235,-0.0002355840988457203,-0.0038995295763015747,-0.004096116404980421,0.00019658682867884636
3.2799999713897705,0.004546381067484617,0.004782236181199551,-0.0002358551137149334,-0.003829138120636344,-0.004025594796985388,0.00019645667634904385
3.2874999046325684,0.004474229644984007,0.004710355307906866,-0.0002361256629228592,-0.0037587464321404696,-0.003955072723329067,0.00019632629118859768
3.2950000762939453,0.004402075428515673,0.004638472571969032,-0.0002363971434533596,-0.0036883526481688023,-0.00388454832136631,0.00019619567319750786
3.302500009536743,0.004329924006015062,0.004566591698676348,-0.0002366676926612854,-0.003617960959672928,-0.0038140262477099895,0.0001960652880370617
3.31000018119812,0.0042577702552080154,0.004494708497077227,-0.0002369382418692112,-0.0035475671757012606,-0.003743502078577876,0.00019593490287661552
3.317500114440918,0.004185618367046118,0.004422827623784542,-0.0002372092567384243,-0.00347717572003603,-0.0036729800049215555,0.0001958042848855257
3.325000047683716,0.004113466944545507,0.004350947216153145,-0.0002374802716076374,-0.0034067840315401554,-0.003602457931265235,0.00019567389972507954
3.3324999809265137,0.00404131505638361,0.00427906634286046,-0.0002377512864768505,-0.003336392343044281,-0.003531936090439558,0.00019554374739527702
3.3400001525878906,0.003969161305576563,0.004207183141261339,-0.0002380218356847763,-0.0032659985590726137,-0.003461411688476801,0.0001954131294041872
3.3474998474121094,0.0038970119785517454,0.004135304596275091,-0.00023829261772334576,-0.003195609198883176,-0.003390891943126917,0.00019528274424374104
3.3550000190734863,0.003824857994914055,0.004063421860337257,-0.00023856386542320251,-0.0031252154149115086,-0.0033203677739948034,0.00019515235908329487
3.362499952316284,0.003752706339582801,0.003991540987044573,-0.00023883464746177197,-0.003054823726415634,-0.003249845700338483,0.0001950219739228487
3.369999885559082,0.003680554684251547,0.003919660113751888,-0.00023910542950034142,-0.0029844322707504034,-0.0031793236266821623,0.00019489135593175888
3.377500057220459,0.0036084009334445,0.003847777144983411,-0.00023937621153891087,-0.002914038486778736,-0.003108799457550049,0.00019476097077131271
3.384999990463257,0.003536249278113246,0.0037758962716907263,-0.00023964699357748032,-0.0028436467982828617,-0.0030382773838937283,0.00019463058561086655
3.3924999237060547,0.003464097622781992,0.0037040156312286854,-0.00023991800844669342,-0.0027732551097869873,-0.0029677555430680513,0.00019450043328106403
3.4000000953674316,0.0033919436391443014,0.0036321324296295643,-0.00024018879048526287,-0.00270286132581532,-0.0028972311411052942,0.0001943698152899742
3.4074997901916504,0.003319794312119484,0.0035602538846433163,-0.00024045957252383232,-0.002632471965625882,-0.00282671139575541,0.00019423943012952805
3.4149999618530273,0.003250835696235299,0.003488370915874839,-0.00023753521963953972,-0.0025656763464212418,-0.0027561872266232967,0.00019051088020205498
3.422499895095825,0.003205092390999198,0.0034246009308844805,-0.00021950853988528252,-0.0025250238832086325,-0.002694932045415044,0.00016990816220641136
3.429999828338623,0.0031593493185937405,0.003377049695700407,-0.00021770037710666656,-0.002484371419996023,-0.0026522071566432714,0.00016783573664724827
3.4375,0.0031136046163737774,0.0033294970635324717,-0.00021589244715869427,-0.002443717559799552,-0.002609480870887637,0.00016576331108808517
3.445000171661377,0.0030678599141538143,0.0032819444313645363,-0.00021408451721072197,-0.0024030639324337244,-0.002566754585132003,0.00016369065269827843
3.4524998664855957,0.0030221182387322187,0.0032343945931643248,-0.00021227635443210602,-0.002362412866204977,-0.0025240308605134487,0.00016161799430847168
3.4600000381469727,0.0029763737693428993,0.0031868419609963894,-0.00021046819165349007,-0.002321759006008506,-0.0024813045747578144,0.00015954556874930859
3.4675002098083496,0.0029306290671229362,0.0031392890959978104,-0.00020866002887487411,-0.0022811053786426783,-0.00243857828900218,0.00015747291035950184
3.4749999046325684,0.0028848873917013407,0.0030917394906282425,-0.00020685209892690182,-0.0022404540795832872,-0.0023958547972142696,0.0001554007176309824
3.4825000762939453,0.0028391426894813776,0.0030441866256296635,-0.00020504393614828587,-0.0021998004522174597,-0.0023531285114586353,0.00015332805924117565
3.490000009536743,0.00279339961707592,0.00299663539044559,-0.00020323577336966991,-0.0021591479890048504,-0.002310403622686863,0.00015125563368201256
3.497499942779541,0.002747656311839819,0.0029490841552615166,-0.00020142784342169762,-0.002118495525792241,-0.002267678501084447,0.0001491829752922058
3.505000114440918,0.002701911609619856,0.002901531523093581,-0.00019961991347372532,-0.00207784166559577,-0.0022249522153288126,0.00014711054973304272
3.512500047683716,0.0026561685372143984,0.0028539802879095078,-0.00019781175069510937,-0.0020371892023831606,-0.00218222732655704,0.00014503812417387962
3.5199999809265137,0.002610425464808941,0.0028064290527254343,-0.00019600358791649342,-0.0019965367391705513,-0.002139502437785268,0.00014296569861471653
3.5275001525878906,0.002564680762588978,0.002758876420557499,-0.00019419565796852112,-0.0019558831118047237,-0.0020967761520296335,0.00014089304022490978
3.5350000858306885,0.0025189376901835203,0.0027113251853734255,-0.00019238749518990517,-0.0019152305321767926,-0.002054051263257861,0.00013882073108106852
3.5425000190734863,0.002473194384947419,0.002663773950189352,-0.00019057956524193287,-0.0018745781853795052,-0.0020113263744860888,0.0001367481891065836
3.549999952316284,0.0024274513125419617,0.0026162227150052786,-0.00018877140246331692,-0.0018339257221668959,-0.0019686012528836727,0.00013467553071677685
3.557500123977661,0.0023817066103219986,0.0025686698500066996,-0.00018696323968470097,-0.0017932719783857465,-0.0019258750835433602,0.00013260310515761375
3.56499981880188,0.002335964934900403,0.0025211202446371317,-0.00018515530973672867,-0.0017526207957416773,-0.001883151475340128,0.00013053067959845066
3.572499990463257,0.00229022023268044,0.0024735676124691963,-0.00018334737978875637,-0.001711967051960528,-0.0018404251895844936,0.00012845813762396574
3.5799999237060547,0.0022444771602749825,0.002426016377285123,-0.00018153921701014042,-0.0016713145887479186,-0.0017977001843973994,0.00012638559564948082
3.5875000953674316,0.0021987324580550194,0.002378463512286544,-0.00017973105423152447,-0.0016306608449667692,-0.0017549738986417651,0.0001243130536749959
3.5950000286102295,0.002152989385649562,0.0023309122771024704,-0.00017792289145290852,-0.00159000838175416,-0.0017122490098699927,0.0001222406281158328
3.6024999618530273,0.0021072460804134607,0.002288684481754899,-0.0001814384013414383,-0.0015493559185415506,-0.0016750377835705876,0.000125681865029037
3.609999895095825,0.0020615030080080032,0.002257101470604539,-0.00019559846259653568,-0.0015087034553289413,-0.0016488517867401242,0.00014014833141118288
3.617500066757202,0.00201575830578804,0.002225517528131604,-0.00020975922234356403,-0.001468049711547792,-0.001622664975002408,0.00015461526345461607
3.624999761581421,0.0019782462622970343,0.0021939356811344624,-0.0002156894188374281,-0.001435694983229041,-0.0015964797930791974,0.0001607848098501563
3.632499933242798,0.0019512739963829517,0.0021623517386615276,-0.0002110777422785759,-0.0014139659469947219,-0.0015702929813414812,0.00015632703434675932
3.640000104904175,0.0019243017304688692,0.0021307675633579493,-0.00020646583288908005,-0.0013922369107604027,-0.001544106169603765,0.00015186925884336233
3.6474997997283936,0.001897331210784614,0.0020991857163608074,-0.00020185450557619333,-0.0013705092715099454,-0.0015179211040958762,0.00014741183258593082
3.6549999713897705,0.0018703589448705316,0.0020676017738878727,-0.00019724282901734114,-0.0013487802352756262,-0.00149173429235816,0.00014295405708253384
3.6625001430511475,0.0018433865625411272,0.0020360175985842943,-0.00019263103604316711,-0.001327051199041307,-0.0014655474806204438,0.00013849628157913685
3.6700000762939453,0.0018164152279496193,0.002004434820264578,-0.00018801959231495857,-0.0013053228612989187,-0.0014393614837899804,0.0001340386224910617
3.677500009536743,0.0017894437769427896,0.0019728518091142178,-0.0001834080321714282,-0.0012835945235565305,-0.001413175486959517,0.00012958096340298653
3.68500018119812,0.001762471511028707,0.0019412677502259612,-0.00017879623919725418,-0.0012618654873222113,-0.0013869886752218008,0.00012512318789958954
3.692499876022339,0.00173550087492913,0.0019096857868134975,-0.00017418491188436747,-0.001240137848071754,-0.0013608034932985902,0.0001206656452268362
3.700000047683716,0.0017085286090150476,0.0018781018443405628,-0.00016957323532551527,-0.0012184088118374348,-0.001334616681560874,0.00011620786972343922
