z,rho_adaptive,rho_uniform,delta_rho,eloc_adaptive,eloc_uniform,delta_eloc
-2.299999952316284,0.001985396258533001,0.001871062908321619,0.00011433335021138191,-0.0014825244434177876,-0.001327363308519125,-0.00015516113489866257
-2.2924997806549072,0.002031245967373252,0.001905660959891975,0.000125585007481277,-0.0015241147484630346,-0.0013565521221607924,-0.00016756262630224228
-2.2850000858306885,0.0020770926494151354,0.001940256799571216,0.00013683584984391928,-0.0015657023759558797,-0.0013857391895726323,-0.00017996318638324738
-2.2774999141693115,0.0021229423582553864,0.001974854851141572,0.00014808750711381435,-0.0016072926810011268,-0.0014149280032142997,-0.0001923646777868271
-2.2699999809265137,0.0021687906701117754,0.002009451622143388,0.0001593390479683876,-0.001648881589062512,-0.0014441158855333924,-0.0002047657035291195
-2.262500047683716,0.002214638749137521,0.0020440486259758472,0.00017059012316167355,-0.001690470613539219,-0.001473303884267807,-0.0002171667292714119
-2.254999876022339,0.0022604884579777718,0.0020786465611308813,0.00018184189684689045,-0.0017320608021691442,-0.0015024926979094744,-0.00022956810425966978
-2.247499704360962,0.0023063381668180227,0.002113244729116559,0.0001930934377014637,-0.0017736511072143912,-0.0015316815115511417,-0.0002419695956632495
-2.240000009536743,0.002352184848859906,0.0021478403359651566,0.00020434451289474964,-0.0018152387347072363,-0.0015608685789629817,-0.0002543701557442546
-2.232499837875366,0.002398034557700157,0.0021824385039508343,0.0002155960537493229,-0.0018568290397524834,-0.001590057392604649,-0.0002667716471478343
-2.2249999046325684,0.002443882869556546,0.00221703527495265,0.00022684759460389614,-0.0018984180642291903,-0.0016192452749237418,-0.00027917278930544853
-2.2174999713897705,0.0024897309485822916,0.0022516322787851095,0.00023809866979718208,-0.0019400069722905755,-0.0016484331572428346,-0.00029157381504774094
-2.2100000381469727,0.0025355792604386806,0.002286229282617569,0.0002493499778211117,-0.0019815959967672825,-0.0016776211559772491,-0.00030397484079003334
-2.2024998664855957,0.0025814289692789316,0.002320827217772603,0.0002606017515063286,-0.0020231863018125296,-0.0017068099696189165,-0.00031637633219361305
-2.194999933242798,0.002627277048304677,0.0023554242216050625,0.0002718528266996145,-0.0020647752098739147,-0.0017359978519380093,-0.00032877735793590546
-2.1875,0.002673125360161066,0.0023900209926068783,0.0002831043675541878,-0.0021063641179353,-0.0017651858506724238,-0.00034117826726287603
-2.179999828338623,0.002718975069001317,0.002424619160592556,0.000294355908408761,-0.002147954422980547,-0.0017943746643140912,-0.00035357975866645575
-2.172499895095825,0.0027648231480270624,0.002459215931594372,0.0003056072164326906,-0.002189543331041932,-0.001823562546633184,-0.00036598078440874815
-2.1649999618530273,0.0028106714598834515,0.0024938129354268312,0.0003168585244566202,-0.002231132471933961,-0.0018527504289522767,-0.0003783820429816842
-2.1575000286102295,0.0028565197717398405,0.002534252591431141,0.0003222671803086996,-0.002272721379995346,-0.001888119033537805,-0.000384602346457541
-2.1500000953674316,0.002902367850765586,0.00258637685328722,0.0003159909974783659,-0.0023143102880567312,-0.0019358483841642737,-0.0003784619038924575
-2.1424999237060547,0.002948217559605837,0.0026385029777884483,0.00030971458181738853,-0.0023559005931019783,-0.001983579248189926,-0.00037232134491205215
-2.135000228881836,0.0029940642416477203,0.0026906258426606655,0.0003034383989870548,-0.002397488337010145,-0.0020313069690018892,-0.00036618136800825596
-2.127500057220459,0.0030399139504879713,0.00274275173433125,0.0002971622161567211,-0.0024390786420553923,-0.00207903771661222,-0.00036004092544317245
-2.119999885559082,0.0030857636593282223,0.0027948778588324785,0.00029088580049574375,-0.0024806687142699957,-0.0021267684642225504,-0.0003539002500474453
-2.112499952316284,0.0031316119711846113,0.0028470023535192013,0.00028460961766541004,-0.0025222578551620245,-0.002174497814849019,-0.00034776004031300545
-2.1050000190734863,0.0031774600502103567,0.002899126848205924,0.0002783332020044327,-0.0025638467632234097,-0.0022222271654754877,-0.00034161959774792194
-2.0974998474121094,0.0032233097590506077,0.0029512527398765087,0.00027205701917409897,-0.0026054370682686567,-0.0022699579130858183,-0.00033547915518283844
-2.0899999141693115,0.0032691580709069967,0.0030033772345632315,0.00026578083634376526,-0.002647025976330042,-0.0023176870308816433,-0.0003293389454483986
-2.0824999809265137,0.003315006149932742,0.0030555017292499542,0.0002595044206827879,-0.002688614884391427,-0.002365416381508112,-0.0003231985028833151
-2.0749998092651367,0.003360855858772993,0.0031076278537511826,0.00025322800502181053,-0.002730205189436674,-0.0024131471291184425,-0.0003170580603182316
-2.067500114440918,0.00340670277364552,0.003159750485792756,0.00024695228785276413,-0.002771792933344841,-0.0024608750827610493,-0.00031091785058379173
-2.059999942779541,0.0034525522496551275,0.0032118766102939844,0.0002406756393611431,-0.002813383238390088,-0.00250860583037138,-0.00030477740801870823
-2.052500009536743,0.0034984005615115166,0.003264001104980707,0.0002343994565308094,-0.0028549721464514732,-0.0025563351809978485,-0.0002986369654536247
-2.0450000762939453,0.0035442488733679056,0.0033161253668367863,0.00022812350653111935,-0.0028965610545128584,-0.0026040642987936735,-0.0002924967557191849
-2.0374999046325684,0.0035900985822081566,0.0033682514913380146,0.00022184709087014198,-0.0029381513595581055,-0.002651795046404004,-0.00028635631315410137
-2.0299997329711914,0.003635948058217764,0.003420377615839243,0.00021557044237852097,-0.0029797416646033525,-0.0026995260268449783,-0.0002802156377583742
-2.0225000381469727,0.003681794973090291,0.0034725002478808165,0.00020929472520947456,-0.0030213294085115194,-0.0027472537476569414,-0.000274075660854578
-2.0149998664855957,0.003727644681930542,0.003524626372382045,0.0002030183095484972,-0.0030629197135567665,-0.002794984495267272,-0.0002679352182894945
-2.007499933242798,0.0037734927609562874,0.0035767508670687675,0.00019674189388751984,-0.0031045086216181517,-0.0028427138458937407,-0.000261794775724411
-2.0,0.0038193410728126764,0.0036288753617554903,0.00019046571105718613,-0.003146097529679537,-0.0028904429636895657,-0.00025565456598997116
-1.9925000667572021,0.003865189151838422,0.0036809996236115694,0.00018418952822685242,-0.003187686437740922,-0.0029381723143160343,-0.00024951412342488766
-1.9850000143051147,0.0039110383950173855,0.0037331250496208668,0.0001779133453965187,-0.003229276044294238,-0.002985902363434434,-0.00024337368085980415
-1.9774999618530273,0.003956886939704418,0.00379416486248374,0.00016272207722067833,-0.003270865650847554,-0.003044057870283723,-0.00022680778056383133
-1.9699997901916504,0.004002736881375313,0.0038730294909328222,0.00012970739044249058,-0.0033124559558928013,-0.0031230587046593428,-0.00018939725123345852
-1.962499976158142,0.004048584494739771,0.003951890394091606,9.669410064816475e-05,-0.003354044398292899,-0.003202055813744664,-0.00015198858454823494
-1.9549999237060547,0.004094433039426804,0.00403075385838747,6.367918103933334e-05,-0.0033956340048462152,-0.003281055251136422,-0.00011457875370979309
-1.9474999904632568,0.004140281584113836,0.004109615925699472,3.066565841436386e-05,-0.0034372229129076004,-0.003360053524374962,-7.716938853263855e-05
-1.9399999380111694,0.004186130594462156,0.0041884793899953365,-2.348795533180237e-06,-0.0034788125194609165,-0.0034390531945973635,-3.975932486355305e-05
-1.9325001239776611,0.004231977742165327,0.004267340060323477,-3.536231815814972e-05,-0.0035204009618610144,-0.003518050303682685,-2.3506581783294678e-06
-1.9249999523162842,0.004277827683836222,0.004346204921603203,-6.837723776698112e-05,-0.0035619912669062614,-0.003597051138058305,3.505987115204334e-05
-1.9174998998641968,0.004323676694184542,0.00442506792023778,-0.00010139122605323792,-0.0036035808734595776,-0.0036760508082807064,7.246993482112885e-05
-1.9100000858306885,0.0043695238418877125,0.004503929056227207,-0.0001344052143394947,-0.0036451690830290318,-0.003755047917366028,0.00010987883433699608
-1.9024999141693115,0.004415373783558607,0.004582793451845646,-0.0001674196682870388,-0.003686759388074279,-0.0038340487517416477,0.0001472893636673689
-1.8949998617172241,0.004461222793906927,0.00466165691614151,-0.0002004341222345829,-0.003728348994627595,-0.003913048189133406,0.00018469919450581074
-1.8874998092651367,0.004507071804255247,0.004740520380437374,-0.000233448576182127,-0.003769938601180911,-0.003992048092186451,0.0002221094910055399
-1.8799998760223389,0.0045529198832809925,0.004819382447749376,-0.0002664625644683838,-0.0038115275092422962,-0.004071046132594347,0.0002595186233520508
-1.8724998235702515,0.004664056934416294,0.00489824591204524,-0.0002341889776289463,-0.0039346348494291306,-0.004150046035647392,0.00021541118621826172
-1.8650000095367432,0.004788930993527174,0.004977106582373381,-0.00018817558884620667,-0.004074893891811371,-0.004229042679071426,0.00015414878726005554
-1.8574998378753662,0.004913811106234789,0.005055971443653107,-0.0001421603374183178,-0.004215159919112921,-0.004308043513447046,9.288359433412552e-05
-1.850000023841858,0.005038685165345669,0.005134832113981247,-9.614694863557816e-05,-0.004355418961495161,-0.004387040622532368,3.162166103720665e-05
-1.8424999713897705,0.0051635634154081345,0.005213695578277111,-5.013216286897659e-05,-0.004495682660490274,-0.004466040525585413,-2.964213490486145e-05
-1.8349997997283936,0.005288443062454462,0.005292560439556837,-4.1173771023750305e-06,-0.004635948687791824,-0.004545041359961033,-9.090732783079147e-05
-1.8274999856948853,0.005413317121565342,0.005371421109884977,4.189601168036461e-05,-0.004776207730174065,-0.004624038469046354,-0.00015216926112771034
-1.8199999332427979,0.005538195371627808,0.0054502845741808414,8.791079744696617e-05,-0.004916471429169178,-0.004703037906438112,-0.00021343352273106575
-1.8124998807907104,0.005663073621690273,0.0055291480384767056,0.00013392558321356773,-0.005056735128164291,-0.00478203734382987,-0.00027469778433442116
-1.8050000667572021,0.005787947680801153,0.005608008708804846,0.00017993897199630737,-0.005196994170546532,-0.004861034452915192,-0.00033595971763134
-1.7974998950958252,0.005912827327847481,0.005700545851141214,0.0002122814767062664,-0.005337260197848082,-0.004957918543368578,-0.00037934165447950363
-1.790000081062317,0.006037701386958361,0.0058204177767038345,0.00021728361025452614,-0.005477519240230322,-0.005090557970106602,-0.00038696127012372017
-1.7825000286102295,0.006162579637020826,0.005940293427556753,0.00022228620946407318,-0.005617782939225435,-0.005223201587796211,-0.000394581351429224
-1.7750000953674316,0.0062874555587768555,0.006060166750103235,0.00022728880867362022,-0.005758044309914112,-0.005355842877179384,-0.00040220143273472786
-1.7675000429153442,0.006412333808839321,0.006180042400956154,0.00023229140788316727,-0.0058983080089092255,-0.005488486494868994,-0.0004098215140402317
-1.7599999904632568,0.0065372115932404995,0.0062999180518090725,0.000237293541431427,-0.006038571707904339,-0.005621129646897316,-0.00041744206100702286
-1.7524998188018799,0.006662091705948114,0.00641979556530714,0.00024229614064097404,-0.0061788372695446014,-0.005753775127232075,-0.0004250621423125267
-1.7450000047683716,0.006786965765058994,0.0065396674908697605,0.0002472982741892338,-0.006319096777588129,-0.0058864145539700985,-0.00043268222361803055
-1.7374999523162842,0.00691184401512146,0.006659543141722679,0.0002523008733987808,-0.006459360010921955,-0.006019058171659708,-0.0004403018392622471
-1.7299997806549072,0.0070367236621677876,0.006779420655220747,0.00025730300694704056,-0.006599626038223505,-0.006151703651994467,-0.00044792238622903824
-1.722499966621399,0.0071615977212786674,0.006899292580783367,0.0002623051404953003,-0.006739885080605745,-0.0062843430787324905,-0.0004555420018732548
-1.7150001525878906,0.007286471780389547,0.0070191640406847,0.00026730773970484734,-0.006880144588649273,-0.006416982039809227,-0.00046316254884004593
-1.7074999809265137,0.007411351893097162,0.007139041554182768,0.0002723103389143944,-0.0070204101502895355,-0.006549627520143986,-0.0004707826301455498
-1.6999999284744263,0.007536230143159628,0.0072589172050356865,0.0002773129381239414,-0.007160673849284649,-0.006682271137833595,-0.0004784027114510536
-1.692500114440918,0.007661104202270508,0.007378789130598307,0.00028231507167220116,-0.007300932891666889,-0.006814910564571619,-0.00048602232709527016
-1.684999942779541,0.007785983849316835,0.0074986666440963745,0.0002873172052204609,-0.007441198918968439,-0.006947556044906378,-0.0004936428740620613
-1.6774998903274536,0.007910861633718014,0.007618542294949293,0.0002923193387687206,-0.0075814626179635525,-0.007080199662595987,-0.0005012629553675652
-1.6699998378753662,0.00803573988378048,0.007738417945802212,0.00029732193797826767,-0.007721726316958666,-0.0072128428146243095,-0.0005088835023343563
-1.6624999046325684,0.008160616271197796,0.007858291268348694,0.000302325002849102,-0.007861987687647343,-0.00734548456966877,-0.0005165031179785728
-1.654999852180481,0.008285494521260262,0.0079781673848629,0.00030732713639736176,-0.008002251386642456,-0.007478127721697092,-0.000524123664945364
-1.6475000381469727,0.008410368114709854,0.008098038844764233,0.0003123292699456215,-0.008142510429024696,-0.007610767148435116,-0.0005317432805895805
-1.6399998664855957,0.008535248227417469,0.008217916823923588,0.0003173314034938812,-0.008282775990664959,-0.007743412628769875,-0.0005393633618950844
-1.6325000524520874,0.008660122752189636,0.00833778828382492,0.0003223344683647156,-0.008423035964369774,-0.007876051589846611,-0.0005469843745231628
-1.625,0.008785000070929527,0.008457664400339127,0.0003273356705904007,-0.008563298732042313,-0.00800869520753622,-0.0005546035245060921
-1.617499828338623,0.008909880183637142,0.008598653599619865,0.00031122658401727676,-0.00870356522500515,-0.008172680623829365,-0.0005308846011757851
-1.6100000143051147,0.00903475470840931,0.008781840093433857,0.0002529146149754524,-0.00884382426738739,-0.00839930959045887,-0.0004445146769285202
-1.6024999618530273,0.0091596320271492,0.008965032175183296,0.00019459985196590424,-0.008984087966382504,-0.008625944145023823,-0.0003581438213586807
-1.5949997901916504,0.009284512139856815,0.00914822705090046,0.00013628508895635605,-0.009124353528022766,-0.008852583356201649,-0.0002717701718211174
-1.587499976158142,0.009409386664628983,0.00933141354471445,7.797311991453171e-05,-0.009264612570405006,-0.00907921139150858,-0.00018540117889642715
-1.5799999237060547,0.009534264914691448,0.00951460562646389,1.9659288227558136e-05,-0.00940487626940012,-0.009305846877396107,-9.902939200401306e-05
-1.5725001096725464,0.00965913850814104,0.009697792120277882,-3.865361213684082e-05,-0.00954513531178236,-0.009532474912703037,-1.2660399079322815e-05
-1.565000057220459,0.009784016758203506,0.00988098420202732,-9.696744382381439e-05,-0.009685399010777473,-0.009759110398590565,7.371138781309128e-05
-1.5575001239776611,0.009908893145620823,0.010064173489809036,-0.00015528034418821335,-0.009825660847127438,-0.009985742159187794,0.00016008131206035614
-1.5500000715255737,0.010033770464360714,0.010247365571558475,-0.00021359510719776154,-0.009965924546122551,-0.010212377645075321,0.00024645309895277023
-1.5425000190734863,0.01015864871442318,0.010430557653307915,-0.0002719089388847351,-0.010106188245117664,-0.010439013130962849,0.0003328248858451843
-1.5349998474121094,0.010283528827130795,0.010613752529025078,-0.0003302237018942833,-0.010246453806757927,-0.010665652342140675,0.00041919853538274765
-1.527500033378601,0.010408402420580387,0.01079693902283907,-0.00038853660225868225,-0.010386712849140167,-0.010892280377447605,0.0005055675283074379
-1.5199999809265137,0.010582932271063328,0.010980131104588509,-0.0003971988335251808,-0.010605973191559315,-0.011118915863335133,0.0005129426717758179
-1.5124999284744263,0.01084477175027132,0.011163323186337948,-0.0003185514360666275,-0.01096414402127266,-0.011345550417900085,0.00038140639662742615
-1.5049999952316284,0.01110660657286644,0.011346512474119663,-0.00023990590125322342,-0.011322309263050556,-0.011572182178497314,0.00024987291544675827
-1.497499942779541,0.011368446052074432,0.011529704555869102,-0.0001612585037946701,-0.011680481024086475,-0.011798817664384842,0.00011833664029836655
-1.4899998903274536,0.011630285531282425,0.011712896637618542,-8.261110633611679e-05,-0.01203865185379982,-0.01202545315027237,-1.3198703527450562e-05
-1.4824999570846558,0.011892121285200119,0.011896085925400257,-3.964640200138092e-06,-0.012396817095577717,-0.012252084910869598,-0.00014473218470811844
-1.4749999046325684,0.012153960764408112,0.012079278007149696,7.468275725841522e-05,-0.012754988856613636,-0.012478720396757126,-0.00027626845985651016
-1.4674999713897705,0.012415795587003231,0.012262467294931412,0.0001533282920718193,-0.013113154098391533,-0.012705352157354355,-0.00040780194103717804
-1.4600000381469727,0.012677631340920925,0.012445656582713127,0.000231974758207798,-0.013471320271492004,-0.012931983917951584,-0.0005393363535404205
-1.4524998664855957,0.012939474545419216,0.012628852389752865,0.0003106221556663513,-0.013829496689140797,-0.01315862312912941,-0.0006708735600113869
-1.4449999332427979,0.01320131029933691,0.01281204167753458,0.00038926862180233,-0.014187661930918694,-0.013385254889726639,-0.0008024070411920547
-1.4374998807907104,0.013463149778544903,0.013028060086071491,0.00043508969247341156,-0.014545833691954613,-0.01366826519370079,-0.0008775684982538223
-1.4300000667572021,0.013724980875849724,0.013309698551893234,0.00041528232395648956,-0.014903993345797062,-0.014063971117138863,-0.0008400222286581993
-1.4224998950958252,0.013986824080348015,0.013591350987553596,0.00039547309279441833,-0.015262170694768429,-0.014459694735705853,-0.0008024759590625763
-1.4149999618530273,0.014248659834265709,0.013872994109988213,0.00037566572427749634,-0.015620335936546326,-0.014855407178401947,-0.0007649287581443787
-1.40749990940094,0.014510499313473701,0.014154641889035702,0.0003558574244379997,-0.015978507697582245,-0.01525112520903349,-0.0007273824885487556
-1.4000000953674316,0.014772330410778522,0.014436280354857445,0.00033605005592107773,-0.01633666642010212,-0.015646830201148987,-0.0006898362189531326
-1.3924999237060547,0.015034173615276814,0.014717932790517807,0.0003162408247590065,-0.016694843769073486,-0.01604255475103855,-0.000652289018034935
-1.3849998712539673,0.015296013094484806,0.014999580569565296,0.0002964325249195099,-0.017053015530109406,-0.01643827185034752,-0.0006147436797618866
-1.377500057220459,0.015557844191789627,0.01528121903538704,0.0002766251564025879,-0.01741117425262928,-0.01683397777378559,-0.000577196478843689
-1.3700000047683716,0.01581968367099762,0.015562866814434528,0.0002568168565630913,-0.0177693460136652,-0.017229696735739708,-0.0005396492779254913
-1.3624999523162842,0.016081523150205612,0.015844514593482018,0.00023700855672359467,-0.01812751777470112,-0.017625413835048676,-0.0005021039396524429
-1.3549997806549072,0.016343366354703903,0.01612616702914238,0.00021719932556152344,-0.018485695123672485,-0.01802113838493824,-0.0004645567387342453
-1.3475000858306885,0.016605194658041,0.01640780083835125,0.00019739381968975067,-0.018843848258256912,-0.018416836857795715,-0.0004270114004611969
-1.340000033378601,0.016867034137248993,0.016689447686076164,0.00017758645117282867,-0.01920202001929283,-0.018812555819749832,-0.00038946419954299927
-1.3324999809265137,0.017128873616456985,0.016971096396446228,0.00015777722001075745,-0.01956019178032875,-0.0192082729190588,-0.00035191886126995087
-1.3249998092651367,0.017390716820955276,0.01725274696946144,0.00013796985149383545,-0.019918367266654968,-0.019603997468948364,-0.000314369797706604
-1.3174999952316284,0.017652546986937523,0.01753438636660576,0.00011816062033176422,-0.020276527851819992,-0.019999703392386436,-0.0002768244594335556
-1.3100000619888306,0.017914382740855217,0.017816029489040375,9.835325181484222e-05,-0.020634694024920464,-0.020395414903759956,-0.0002392791211605072
-1.3025000095367432,0.01817622222006321,0.01809767633676529,7.854588329792023e-05,-0.020992863923311234,-0.020791133865714073,-0.00020173005759716034
-1.2949998378753662,0.0184380654245615,0.01837932877242565,5.8736652135849e-05,-0.0213510412722826,-0.021186858415603638,-0.0001641828566789627
-1.287500023841858,0.018699897453188896,0.01866096816956997,3.8929283618927e-05,-0.021709201857447624,-0.02158256247639656,-0.00012663938105106354
-1.2799999713897705,0.01896173693239689,0.018942615017294884,1.9121915102005005e-05,-0.022067371755838394,-0.021978281438350677,-8.909031748771667e-05
-1.272499918937683,0.01922357641160488,0.019224263727664948,-6.873160600662231e-07,-0.022425543516874313,-0.022373998537659645,-5.1544979214668274e-05
-1.2649999856948853,0.019485412165522575,0.019505906850099564,-2.049468457698822e-05,-0.022783709689974785,-0.022769710049033165,-1.3999640941619873e-05
-1.2574999332427979,0.019747251644730568,0.019839011132717133,-9.175948798656464e-05,-0.023141879588365555,-0.02327035181224346,0.0001284722238779068
-1.2499998807907104,0.020213168114423752,0.02027498185634613,-6.181374192237854e-05,-0.02391972951591015,-0.023980746045708656,6.101652979850769e-05
-1.2424999475479126,0.020706605166196823,0.02071094512939453,-4.33996319770813e-06,-0.024754175916314125,-0.024691127240657806,-6.304867565631866e-05
-1.2349998950958252,0.02120004966855049,0.02114691585302353,5.313381552696228e-05,-0.025588635355234146,-0.025401519611477852,-0.00018711574375629425
-1.2274999618530273,0.021693486720323563,0.02158287912607193,0.00011060759425163269,-0.026423081755638123,-0.02611190266907215,-0.0003111790865659714
-1.21999990940094,0.02218693122267723,0.022018849849700928,0.0001680813729763031,-0.027257543057203293,-0.026822295039892197,-0.0004352480173110962
-1.2125000953674316,0.022680360823869705,0.02245480753481388,0.00022555328905582428,-0.028091976419091225,-0.02753266505897045,-0.0005593113601207733
-1.2049999237060547,0.02317381463944912,0.022890785709023476,0.0002830289304256439,-0.02892644889652729,-0.02824307046830654,-0.0006833784282207489
-1.1974999904632568,0.02366725169122219,0.023326748982071877,0.00034050270915031433,-0.029760895296931267,-0.02895345166325569,-0.0008074436336755753
-1.1899999380111694,0.02416069619357586,0.023762719705700874,0.00039797648787498474,-0.030595356598496437,-0.029663844034075737,-0.0009315125644207001
-1.1825001239776611,0.024654125794768333,0.024198677390813828,0.0004554484039545059,-0.03142978996038437,-0.03037421591579914,-0.001055574044585228
-1.1749999523162842,0.0251475777477026,0.024634655565023422,0.0005129221826791763,-0.032264262437820435,-0.031084619462490082,-0.0011796429753303528
-1.1674998998641968,0.025641024112701416,0.02507062628865242,0.000570397824048996,-0.033098723739385605,-0.031795013695955276,-0.0013037100434303284
-1.1599998474121094,0.026134468615055084,0.025506597012281418,0.0006278716027736664,-0.03393318131566048,-0.03250540420413017,-0.001427777111530304
-1.152500033378601,0.02662789821624756,0.025942552834749222,0.0006853453814983368,-0.03476761654019356,-0.03321577608585358,-0.001551840454339981
-1.1449999809265137,0.027121342718601227,0.02637852355837822,0.0007428191602230072,-0.03560207411646843,-0.03392617031931877,-0.0016759037971496582
-1.1374998092651367,0.02761479653418064,0.026814501732587814,0.0008002948015928268,-0.036436550319194794,-0.03463657572865486,-0.0017999745905399323
-1.1299999952316284,0.028108226135373116,0.027250459417700768,0.000857766717672348,-0.037270981818437576,-0.03534694388508797,-0.0019240379333496094
-1.1225000619888306,0.028601663187146187,0.02768642269074917,0.0009152404963970184,-0.03810542821884155,-0.036057326942682266,-0.0020481012761592865
-1.1150000095367432,0.029095107689499855,0.028122393414378166,0.0009727142751216888,-0.03893988952040672,-0.03676772117614746,-0.002172168344259262
-1.1074998378753662,0.02958855964243412,0.02855837158858776,0.0010301880538463593,-0.03977436199784279,-0.03747812286019325,-0.002296239137649536
-1.100000023841858,0.030081989243626595,0.028994329273700714,0.0010876599699258804,-0.04060879722237587,-0.038188494741916656,-0.0024203024804592133
-1.0924999713897705,0.030575435608625412,0.029430299997329712,0.0011451356112957,-0.04144325479865074,-0.03889888897538185,-0.0025443658232688904
-1.0850000381469727,0.031068872660398483,0.029866263270378113,0.0012026093900203705,-0.04227770119905472,-0.03960926830768585,-0.002668432891368866
-1.0774998664855957,0.03156232461333275,0.03038358874619007,0.0011787358671426773,-0.043112173676490784,-0.04052380472421646,-0.0025883689522743225
-1.0700000524520874,0.03205575421452522,0.03106355480849743,0.0009921994060277939,-0.043946608901023865,-0.04184647649526596,-0.002100132405757904
-1.0625,0.03254919871687889,0.03174354508519173,0.0008056536316871643,-0.044781070202589035,-0.04316919296979904,-0.0016118772327899933
-1.0549999475479126,0.03304264321923256,0.032423533499240875,0.000619109719991684,-0.04561552777886391,-0.04449190944433212,-0.001123618334531784
-1.0474998950958252,0.03353608772158623,0.033103518187999725,0.0004325695335865021,-0.04644998908042908,-0.045814622193574905,-0.0006353668868541718
-1.0399999618530273,0.0340295247733593,0.03378349542617798,0.0002460293471813202,-0.047284435480833054,-0.047137316316366196,-0.0001471191644668579
-1.03249990940094,0.034522973001003265,0.03446348384022713,5.9489160776138306e-05,-0.048118896782398224,-0.04846003279089928,0.00034113600850105286
-1.024999976158142,0.03501641005277634,0.03514346107840538,-0.00012705102562904358,-0.0489533431828022,-0.04978272691369057,0.0008293837308883667
-1.0174999237060547,0.035509854555130005,0.03582344949245453,-0.0003135949373245239,-0.04978780075907707,-0.05110544338822365,0.001317642629146576
-1.0099999904632568,0.036003291606903076,0.03650342673063278,-0.0005001351237297058,-0.05062224715948105,-0.05242813751101494,0.0018058903515338898
-1.0024999380111694,0.03683490306138992,0.03718341514468193,-0.00034851208329200745,-0.05240021273493767,-0.05375085398554802,0.0013506412506103516
-0.9949999451637268,0.037762392312288284,0.03786339983344078,-0.00010100752115249634,-0.05444568023085594,-0.05507355555891991,0.0006278753280639648
-0.987500011920929,0.03868987411260605,0.038543377071619034,0.00014649704098701477,-0.05649112910032272,-0.056396253407001495,-9.487569332122803e-05
-0.9799998998641968,0.039617374539375305,0.03922336921095848,0.00039400532841682434,-0.058536626398563385,-0.05771897733211517,-0.0008176490664482117
-0.9724999070167542,0.040544863790273666,0.03990335389971733,0.0006415098905563354,-0.06058209016919136,-0.05904168263077736,-0.0015404075384140015
-0.9650000929832458,0.04147233068943024,0.04058331996202469,0.0008890107274055481,-0.06262750923633575,-0.06036435440182686,-0.002263154834508896
-0.9574999809265137,0.04239983111619949,0.041263312101364136,0.0011365190148353577,-0.06467300653457642,-0.061687082052230835,-0.002985924482345581
-0.9499999284744263,0.04332732781767845,0.041943300515413284,0.0013840273022651672,-0.06671848893165588,-0.06300979852676392,-0.0037086904048919678
-0.9424999356269836,0.04425481706857681,0.042623285204172134,0.0016315318644046783,-0.06876394897699356,-0.0643325001001358,-0.004431448876857758
-0.9350000619888306,0.04518228769302368,0.04330325499176979,0.001879032701253891,-0.07080938667058945,-0.0656551867723465,-0.0051541998982429504
-0.9275000095367432,0.04610978439450264,0.04398324340581894,0.0021265409886837006,-0.07285486161708832,-0.06697790324687958,-0.00587695837020874
-0.919999897480011,0.047037288546562195,0.044663235545158386,0.0023740530014038086,-0.07490035891532898,-0.06830062717199326,-0.006599731743335724
-0.9124999046325684,0.04796477407217026,0.045343220233917236,0.0026215538382530212,-0.07694582641124725,-0.06962332874536514,-0.007322497665882111
-0.9049999713897705,0.04889225587248802,0.04602319747209549,0.0028690584003925323,-0.07899127900600433,-0.07094602286815643,-0.0080452561378479
-0.8974999785423279,0.04981974512338638,0.04683313146233559,0.0029866136610507965,-0.08103673905134201,-0.0726863294839859,-0.00835040956735611
-0.8899998664855957,0.05074724555015564,0.04790288954973221,0.0028443560004234314,-0.08308223634958267,-0.07526157051324844,-0.007820665836334229
-0.8825000524520874,0.05167471244931221,0.04897260293364525,0.0027021095156669617,-0.08512765169143677,-0.07783670723438263,-0.007290944457054138
-0.8749999403953552,0.052602216601371765,0.05004236474633217,0.0025598518550395966,-0.08717315644025803,-0.08041194826364517,-0.006761208176612854
-0.8675000071525574,0.05352969840168953,0.0511120967566967,0.0024176016449928284,-0.08921860158443451,-0.08298712968826294,-0.00623147189617157
-0.8599998950958252,0.054457198828458786,0.05218185484409332,0.0022753439843654633,-0.09126409888267517,-0.08556237071752548,-0.005701728165149689
-0.8525000214576721,0.05538467317819595,0.05325157940387726,0.002133093774318695,-0.09330952912569046,-0.08813753724098206,-0.0051719918847084045
-0.8449999690055847,0.05631216987967491,0.05432133004069328,0.0019908398389816284,-0.09535501152276993,-0.09071275591850281,-0.00464225560426712
-0.8374999761581421,0.057239655405282974,0.05539106950163841,0.0018485859036445618,-0.0974004790186882,-0.09328795224428177,-0.004112526774406433
-0.8299999237060547,0.05816715210676193,0.05646082013845444,0.0017063319683074951,-0.09944596141576767,-0.09586317837238312,-0.003582783043384552
-0.8225000500679016,0.0590946264564991,0.05753054469823837,0.001564081758260727,-0.10149139165878296,-0.0984383374452591,-0.0030530542135238647
-0.8149999380111694,0.060022126883268356,0.058600302785634995,0.0014218240976333618,-0.10353688895702362,-0.10101357847452164,-0.0025233104825019836
-0.8075000047683716,0.06094960868358612,0.05967003479599953,0.0012795738875865936,-0.1055823415517807,-0.1035887598991394,-0.0019935816526412964
-0.7999998927116394,0.061877112835645676,0.06073979288339615,0.001137319952249527,-0.10762783885002136,-0.10616400092840195,-0.0014638379216194153
-0.7924998998641968,0.06280460208654404,0.06180953606963158,0.0009950660169124603,-0.10967329889535904,-0.10873919725418091,-0.0009341016411781311
-0.7849999666213989,0.0637320801615715,0.06287927180528641,0.0008528083562850952,-0.11171875149011612,-0.11131437867879868,-0.00040437281131744385
-0.7774999737739563,0.06465956568717957,0.06394901126623154,0.0007105544209480286,-0.1137642115354538,-0.11388958245515823,0.00012537091970443726
-0.7699999809265137,0.06558705866336823,0.06501875072717667,0.0005683079361915588,-0.11580967903137207,-0.1164647787809372,0.0006550997495651245
-0.7624999284744263,0.06651455163955688,0.06608850508928299,0.00042604655027389526,-0.11785516142845154,-0.11904000490903854,0.0011848434805870056
-0.7549999356269836,0.06803255528211594,0.06715824455022812,0.0008743107318878174,-0.12238596379756927,-0.1216152012348175,-0.00077076256275177
-0.7475001215934753,0.06983225047588348,0.06822796165943146,0.0016042888164520264,-0.1281023621559143,-0.12419034540653229,-0.003912016749382019
-0.7400000095367432,0.071632020175457,0.06929771602153778,0.00233430415391922,-0.13381899893283844,-0.12676557898521423,-0.0070534199476242065
-0.732499897480011,0.07343178242444992,0.0703674778342247,0.0030643045902252197,-0.13953563570976257,-0.12934082746505737,-0.0101948082447052
-0.7249999642372131,0.07523150742053986,0.07143720984458923,0.0037942975759506226,-0.14525212347507477,-0.13191600143909454,-0.013336122035980225
-0.7175000905990601,0.0770312175154686,0.07271897792816162,0.004312239587306976,-0.15096856653690338,-0.13542963564395905,-0.015538930892944336
-0.7100000381469727,0.07883096486330032,0.07442482560873032,0.004406139254570007,-0.15668515861034393,-0.14082007110118866,-0.015865087509155273
-0.7024999260902405,0.08063073456287384,0.07613068073987961,0.004500053822994232,-0.16240178048610687,-0.14621056616306305,-0.016191214323043823
-0.6949999332427979,0.08243046700954437,0.07783651351928711,0.004593953490257263,-0.16811832785606384,-0.15160097181797028,-0.016517356038093567
-0.6875001192092896,0.08423016220331192,0.07954230159521103,0.004687860608100891,-0.17383472621440887,-0.15699124336242676,-0.016843482851982117
-0.6800000071525574,0.08602993190288544,0.08124815672636032,0.004781775176525116,-0.179551362991333,-0.16238172352313995,-0.017169639468193054
-0.6724998950958252,0.08782969415187836,0.08295401930809021,0.004875674843788147,-0.18526798486709595,-0.16777221858501434,-0.017495766282081604
-0.6649998426437378,0.08962944895029068,0.08465985953807831,0.004969589412212372,-0.1909845769405365,-0.17316265404224396,-0.01782192289829254
-0.6575000286102295,0.09142914414405823,0.08636565506458282,0.005063489079475403,-0.19670097529888153,-0.17855292558670044,-0.01814804971218109
-0.6499999761581421,0.09322889149188995,0.08807149529457092,0.005157396197319031,-0.20241756737232208,-0.18394337594509125,-0.018474191427230835
-0.6424999237060547,0.09502864629030228,0.08977734297513962,0.005251303315162659,-0.20813414454460144,-0.18933381140232086,-0.01880033314228058
-0.6349998712539673,0.096828393638134,0.09148318320512772,0.005345210433006287,-0.213850736618042,-0.19472426176071167,-0.019126474857330322
-0.6274999380111694,0.09862811863422394,0.09318900108337402,0.0054391175508499146,-0.2195672243833542,-0.20011462271213531,-0.019452601671218872
-0.6200000047683716,0.10042784363031387,0.09489481896162033,0.0055330246686935425,-0.22528371214866638,-0.20550498366355896,-0.019778728485107422
-0.6124999523162842,0.1022275909781456,0.09660066664218903,0.0056269243359565735,-0.23100030422210693,-0.21089541912078857,-0.02010488510131836
-0.6049998998641968,0.10402734577655792,0.09830650687217712,0.005720838904380798,-0.2367168813943863,-0.21628586947917938,-0.02043101191520691
-0.5974999666213989,0.10582707077264786,0.10001232475042343,0.005814746022224426,-0.24243338406085968,-0.22167623043060303,-0.020757153630256653
-0.5900000333786011,0.1076267883181572,0.10171814262866974,0.005908645689487457,-0.24814987182617188,-0.22706659138202667,-0.021083280444145203
-0.5824998617172241,0.1094265729188919,0.10342401266098022,0.006002560257911682,-0.2538665533065796,-0.23245711624622345,-0.02140943706035614
-0.5749999284744263,0.11122629046440125,0.10512983053922653,0.006096459925174713,-0.259583055973053,-0.2378474771976471,-0.021735578775405884
-0.5674999952316284,0.11302601546049118,0.10683564841747284,0.006190367043018341,-0.265299528837204,-0.24323783814907074,-0.02206169068813324
-0.5600000619888306,0.11482574045658112,0.10854146629571915,0.006284274160861969,-0.27101603150367737,-0.2486281841993332,-0.022387847304344177
-0.5525000095367432,0.11662548780441284,0.11024731397628784,0.006378173828125,-0.2767326235771179,-0.254018634557724,-0.02271398901939392
-0.5449999570846558,0.11842524260282516,0.11195315420627594,0.006472088396549225,-0.2824491858482361,-0.2594090700149536,-0.02304011583328247
-0.5375000238418579,0.1202249675989151,0.11401195824146271,0.006213009357452393,-0.2881656885147095,-0.26809409260749817,-0.020071595907211304
-0.5299999713897705,0.12202471494674683,0.11677698791027069,0.005247727036476135,-0.29388228058815,-0.2833706736564636,-0.010511606931686401
-0.5225000381469727,0.12382443994283676,0.11954197287559509,0.004282467067241669,-0.2995987832546234,-0.29864701628685,-0.0009517669677734375
-0.5149999856948853,0.12562419474124908,0.12230700254440308,0.0033171921968460083,-0.3053153455257416,-0.3139236271381378,0.00860828161239624
-0.5074999332427979,0.12849061191082,0.12507203221321106,0.0034185796976089478,-0.32349589467048645,-0.32920020818710327,0.005704313516616821
-0.5000001192092896,0.13214543461799622,0.12783697247505188,0.004308462142944336,-0.3508893549442291,-0.3444763123989105,-0.0064130425453186035
-0.49250006675720215,0.13580037653446198,0.13060200214385986,0.005198374390602112,-0.37828367948532104,-0.35975292325019836,-0.01853075623512268
-0.4849998950958252,0.1394553780555725,0.13336707651615143,0.0060883015394210815,-0.4056784212589264,-0.3750297427177429,-0.03064867854118347
-0.47749996185302734,0.1431102603673935,0.13613206148147583,0.006978198885917664,-0.4330722987651825,-0.3903060853481293,-0.04276621341705322
-0.46999990940093994,0.14676520228385925,0.1388970911502838,0.00786811113357544,-0.4604666233062744,-0.4055826961994171,-0.0548839271068573
-0.4624999761581421,0.15042006969451904,0.14166207611560822,0.008757993578910828,-0.4878605008125305,-0.42085903882980347,-0.06700146198272705
-0.4549999237060547,0.1540750116109848,0.1444271057844162,0.009647905826568604,-0.5152547955513,-0.4361356198787689,-0.07911917567253113
-0.4474998712539673,0.15772995352745056,0.14719213545322418,0.01053781807422638,-0.5426491498947144,-0.45141223073005676,-0.09123691916465759
-0.43999993801116943,0.16138483583927155,0.14995712041854858,0.011427715420722961,-0.5700430274009705,-0.4666885733604431,-0.10335445404052734
-0.4325000047683716,0.16503971815109253,0.15272210538387299,0.012317612767219543,-0.5974369049072266,-0.48196491599082947,-0.1154719889163971
-0.4249999523162842,0.1686946600675583,0.15548713505268097,0.01320752501487732,-0.6248311996459961,-0.4972415268421173,-0.12758967280387878
-0.4174998998641968,0.17234960198402405,0.15825216472148895,0.014097437262535095,-0.6522254943847656,-0.5125181078910828,-0.13970738649368286
-0.4099999666213989,0.17600448429584503,0.16101714968681335,0.014987334609031677,-0.6796193718910217,-0.5277944803237915,-0.15182489156723022
-0.4025000333786011,0.17965936660766602,0.16378213465213776,0.01587723195552826,-0.7070132493972778,-0.5430707931518555,-0.16394245624542236
-0.39499998092651367,0.18331430852413177,0.16654716432094574,0.016767144203186035,-0.7344076037406921,-0.5583474040031433,-0.17606019973754883
-0.3874998092651367,0.18696929514408112,0.1693122386932373,0.01765705645084381,-0.7618023157119751,-0.5736242532730103,-0.18817806243896484
-0.3799999952316284,0.19062411785125732,0.17207719385623932,0.018546923995018005,-0.7891957759857178,-0.5889003276824951,-0.20029544830322266
-0.37250006198883057,0.1942790001630783,0.17484217882156372,0.019436821341514587,-0.8165896534919739,-0.6041767001152039,-0.21241295337677002
-0.3649998903274536,0.19793400168418884,0.17760725319385529,0.020326748490333557,-0.8439844250679016,-0.6194535493850708,-0.2245308756828308
-0.35749995708465576,0.20158888399600983,0.18081606924533844,0.020772814750671387,-0.8713783025741577,-0.646122932434082,-0.22525537014007568
-0.3500000238418579,0.2052437663078308,0.18491247296333313,0.02033129334449768,-0.8987721800804138,-0.6955756545066833,-0.20319652557373047
-0.3424999713897705,0.20889870822429657,0.1890089362859726,0.019889771938323975,-0.9261664748191833,-0.7450291514396667,-0.1811373233795166
-0.3349999189376831,0.21255365014076233,0.19310539960861206,0.01944825053215027,-0.9535608291625977,-0.7944826483726501,-0.1590781807899475
-0.32749998569488525,0.2162085324525833,0.19720180332660675,0.019006729125976562,-0.9809547066688538,-0.8439353704452515,-0.1370193362236023
-0.3200000524520874,0.2198634147644043,0.20129820704460144,0.018565207719802856,-1.0083485841751099,-0.8933880925178528,-0.11496049165725708
-0.3125,0.22351834177970886,0.2053946703672409,0.018123671412467957,-1.0357428789138794,-0.9428415894508362,-0.09290128946304321
-0.30500006675720215,0.22717322409152985,0.2094910740852356,0.01768215000629425,-1.0631368160247803,-0.9922943115234375,-0.07084250450134277
-0.29750001430511475,0.2308281660079956,0.21358753740787506,0.017240628600120544,-1.0905311107635498,-1.041747808456421,-0.048783302307128906
-0.28999996185302734,0.23448310792446136,0.21768400073051453,0.01679910719394684,-1.1179254055023193,-1.0912013053894043,-0.02672410011291504
-0.28249990940093994,0.23813804984092712,0.221780464053154,0.016357585787773132,-1.1453197002410889,-1.1406548023223877,-0.004664897918701172
-0.27500009536743164,0.24179287254810333,0.2258768081665039,0.015916064381599426,-1.1727131605148315,-1.190106749534607,0.01739358901977539
-0.2674999237060547,0.24544787406921387,0.22997333109378815,0.01547454297542572,-1.2001079320907593,-1.2395609617233276,0.03945302963256836
-0.2599998712539673,0.24977292120456696,0.2340697944164276,0.015703126788139343,-1.2497339248657227,-1.289014458656311,0.03928053379058838
-0.25249993801116943,0.25484490394592285,0.2381661981344223,0.01667870581150055,-1.324141025543213,-1.3384672403335571,0.014326214790344238
-0.24500000476837158,0.25991684198379517,0.242262601852417,0.017654240131378174,-1.3985480070114136,-1.3879199028015137,-0.010628104209899902
-0.23749995231628418,0.26498889923095703,0.24635906517505646,0.018629834055900574,-1.4729562997817993,-1.437373399734497,-0.035582900047302246
-0.22999989986419678,0.2700609564781189,0.2504555284976959,0.019605427980422974,-1.5473644733428955,-1.4868268966674805,-0.06053757667541504
-0.22249984741210938,0.2751329839229584,0.2545520067214966,0.020580977201461792,-1.6217726469039917,-1.5362803936004639,-0.08549225330352783
-0.21500003337860107,0.2802048921585083,0.2586483359336853,0.021556556224822998,-1.6961785554885864,-1.585732340812683,-0.11044621467590332
-0.20749998092651367,0.2852769196033478,0.2627447843551636,0.022532135248184204,-1.7705867290496826,-1.6351858377456665,-0.1354008913040161
-0.19999980926513672,0.2903490662574768,0.266841322183609,0.023507744073867798,-1.8449960947036743,-1.6846401691436768,-0.16035592555999756
-0.19249999523162842,0.29542094469070435,0.27093765139579773,0.024483293294906616,-1.919402003288269,-1.734092116355896,-0.18530988693237305
-0.18500006198883057,0.30049291253089905,0.2750340700149536,0.025458842515945435,-1.9938089847564697,-1.7835447788238525,-0.2102642059326172
-0.17750000953674316,0.3055649399757385,0.27893051505088806,0.026634424924850464,-2.0682172775268555,-1.8359118700027466,-0.2323054075241089
-0.1699998378753662,0.31063708662986755,0.28242701292037964,0.028210073709487915,-2.1426265239715576,-1.8941059112548828,-0.2485206127166748
-0.1625000238418579,0.3157089650630951,0.2859233617782593,0.029785603284835815,-2.2170324325561523,-1.9522972106933594,-0.26473522186279297
-0.15500009059906006,0.3207809329032898,0.2894197702407837,0.031361162662506104,-2.2914395332336426,-2.0104894638061523,-0.28095006942749023
-0.1474999189376831,0.32585304975509644,0.29291626811027527,0.03293678164482117,-2.365849018096924,-2.068683624267578,-0.2971653938293457
-0.1399998664855957,0.3309251070022583,0.29641273617744446,0.03451237082481384,-2.4402570724487305,-2.1268765926361084,-0.31338047981262207
-0.1325000524520874,0.33599698543548584,0.2999090850353241,0.03608790040016174,-2.514662981033325,-2.185067892074585,-0.32959508895874023
-0.125,0.3410690426826477,0.3034055531024933,0.03766348958015442,-2.589071273803711,-2.2432610988616943,-0.3458101749420166
-0.1174999475479126,0.3461410701274872,0.3069019913673401,0.039239078760147095,-2.6634793281555176,-2.3014543056488037,-0.36202502250671387
-0.11000001430511475,0.3512130379676819,0.3103983998298645,0.04081463813781738,-2.737886428833008,-2.3596465587615967,-0.37823987007141113
-0.10249996185302734,0.35628509521484375,0.3138948678970337,0.04239022731781006,-2.8122947216033936,-2.417839527130127,-0.3944551944732666
-0.09500002861022949,0.36135706305503845,0.3173912763595581,0.04396578669548035,-2.8867015838623047,-2.47603178024292,-0.41066980361938477
-0.08749997615814209,0.3664291203022003,0.3208877146244049,0.04554140567779541,-2.9611098766326904,-2.5342249870300293,-0.42688488960266113
-0.08000004291534424,0.371501088142395,0.3243841230869293,0.0471169650554657,-3.0355169773101807,-2.5924172401428223,-0.4430997371673584
-0.07249987125396729,0.37657320499420166,0.3278806507587433,0.048692554235458374,-3.109926223754883,-2.650611162185669,-0.45931506156921387
-0.06499993801116943,0.38164517283439636,0.3313770294189453,0.05026814341545105,-3.184333324432373,-2.708803415298462,-0.47552990913391113
-0.05750012397766113,0.3867170512676239,0.33487337827682495,0.05184367299079895,-3.2587392330169678,-2.7669947147369385,-0.4917445182800293
-0.04999995231628418,0.39178916811943054,0.3383699059486389,0.053419262170791626,-3.33314847946167,-2.8251888751983643,-0.5079596042633057
-0.04249989986419678,0.3968612253665924,0.3418663442134857,0.05499488115310669,-3.4075567722320557,-2.8833818435668945,-0.5241749286651611
-0.034999966621398926,0.4019331932067871,0.34536275267601013,0.05657044053077698,-3.481963872909546,-2.9415740966796875,-0.5403897762298584
-0.027500033378601074,0.4070051610469818,0.34885916113853455,0.058145999908447266,-3.556370973587036,-2.9997663497924805,-0.5566046237945557
-0.019999980926513672,0.4120772182941437,0.35235562920570374,0.05972158908843994,-3.6307790279388428,-3.05795955657959,-0.5728194713592529
-0.01249992847442627,0.4147665798664093,0.35585206747055054,0.058914512395858765,-3.66015362739563,-3.116152763366699,-0.5440008640289307
-0.004999876022338867,0.41341230273246765,0.3593485355377197,0.054063767194747925,-3.6131019592285156,-3.1743457317352295,-0.43875622749328613
0.0024999380111694336,0.4120580852031708,0.3615914285182953,0.05046665668487549,-3.566051721572876,-3.2017109394073486,-0.36434078216552734
0.009999990463256836,0.4107038378715515,0.3613274097442627,0.04937642812728882,-3.5190000534057617,-3.167422294616699,-0.3515777587890625
0.01750016212463379,0.4093495309352875,0.3610633909702301,0.04828613996505737,-3.47194766998291,-3.1331331729888916,-0.33881449699401855
0.02499997615814209,0.4079953134059906,0.3607994019985199,0.0471959114074707,-3.4248976707458496,-3.0988457202911377,-0.3260519504547119
0.03249990940093994,0.40664106607437134,0.3605353832244873,0.04610568284988403,-3.3778467178344727,-3.0645577907562256,-0.31328892707824707
0.040000081062316895,0.4052867889404297,0.3602713644504547,0.045015424489974976,-3.330794334411621,-3.030268669128418,-0.3005256652832031
0.0475001335144043,0.4039325416088104,0.3600073456764221,0.043925195932388306,-3.283742666244507,-2.9959802627563477,-0.2877624034881592
0.0549999475479126,0.40257832407951355,0.3597433567047119,0.042834967374801636,-3.236692428588867,-2.9616928100585938,-0.27499961853027344
0.06249988079071045,0.4012240767478943,0.3594793379306793,0.041744738817214966,-3.1896414756774902,-2.9274046421051025,-0.2622368335723877
0.0700000524520874,0.39986979961395264,0.35921531915664673,0.04065448045730591,-3.1425890922546387,-2.893115520477295,-0.24947357177734375
0.0775001049041748,0.398515522480011,0.35895130038261414,0.03956422209739685,-3.0955374240875244,-2.8588271141052246,-0.2367103099822998
0.0849999189376831,0.3971613049507141,0.35868728160858154,0.03847402334213257,-3.048487424850464,-2.8245396614074707,-0.22394776344299316
0.09249997138977051,0.39580705761909485,0.35842326283454895,0.0373837947845459,-3.0014357566833496,-2.7902510166168213,-0.21118474006652832
0.10000002384185791,0.3944527804851532,0.35815927386283875,0.03629350662231445,-2.9543840885162354,-2.755962610244751,-0.19842147827148438
0.10750007629394531,0.39309853315353394,0.35789525508880615,0.03520327806472778,-2.907332420349121,-2.7216739654541016,-0.18565845489501953
0.11500012874603271,0.3917442560195923,0.35763123631477356,0.034113019704818726,-2.860280752182007,-2.6873855590820312,-0.17289519309997559
0.12250006198883057,0.390390008687973,0.35736721754074097,0.033022791147232056,-2.81322979927063,-2.65309739112854,-0.16013240814208984
0.12999999523162842,0.38903576135635376,0.3571031987667084,0.031932562589645386,-2.766178846359253,-2.618809461593628,-0.147369384765625
0.13750004768371582,0.3876815140247345,0.35683920979499817,0.030842304229736328,-2.7191271781921387,-2.5845210552215576,-0.13460612297058105
0.14500010013580322,0.38632723689079285,0.3565751910209656,0.02975204586982727,-2.6720755100250244,-2.550232410430908,-0.12184309959411621
0.15250003337860107,0.38497301936149597,0.356311172246933,0.02866184711456299,-2.6250247955322266,-2.515944480895996,-0.10908031463623047
0.15999996662139893,0.3836187720298767,0.3560471534729004,0.02757161855697632,-2.5779738426208496,-2.481656312942505,-0.09631752967834473
0.16750001907348633,0.38226449489593506,0.3557831346988678,0.02648136019706726,-2.5309221744537354,-2.4473679065704346,-0.08355426788330078
0.17500007152557373,0.3809102475643158,0.3555191457271576,0.025391101837158203,-2.483870506286621,-2.413079261779785,-0.07079124450683594
0.18250000476837158,0.37955600023269653,0.35465723276138306,0.024898767471313477,-2.436819553375244,-2.3736045360565186,-0.06321501731872559
0.18999993801116943,0.37820175290107727,0.3525996804237366,0.025602072477340698,-2.389768600463867,-2.3237571716308594,-0.06601142883300781
0.19749999046325684,0.376847505569458,0.3505421280860901,0.02630537748336792,-2.342716932296753,-2.273908853530884,-0.06880807876586914
0.20500004291534424,0.37549322843551636,0.3484845459461212,0.02700868248939514,-2.2956652641296387,-2.224060535430908,-0.07160472869873047
0.21250009536743164,0.3741389811038971,0.34642696380615234,0.02771201729774475,-2.2486135959625244,-2.1742124557495117,-0.0744011402130127
0.21999990940093994,0.3727847635746002,0.34436947107315063,0.028415292501449585,-2.201563596725464,-2.12436580657959,-0.07719779014587402
0.22749996185302734,0.37143048644065857,0.34231188893318176,0.029118597507476807,-2.1545119285583496,-2.0745174884796143,-0.07999444007873535
0.2350001335144043,0.36980825662612915,0.3402542769908905,0.029553979635238647,-2.1103312969207764,-2.0246686935424805,-0.0856626033782959
0.24250006675720215,0.36745700240135193,0.3381967544555664,0.029260247945785522,-2.0739657878875732,-1.9748212099075317,-0.0991445779800415
0.24999988079071045,0.3651057779788971,0.3361392319202423,0.028966546058654785,-2.0376009941101074,-1.9249745607376099,-0.11262643337249756
0.2575000524520874,0.3627544343471527,0.33408161997795105,0.02867281436920166,-2.001234531402588,-1.875125527381897,-0.12610900402069092
0.2650001049041748,0.3604031503200531,0.3320240378379822,0.028379112482070923,-1.9648685455322266,-1.825277328491211,-0.13959121704101562
0.2724999189376831,0.35805192589759827,0.32996654510498047,0.028085380792617798,-1.9285037517547607,-1.775430679321289,-0.15307307243347168
0.2799999713897705,0.35570061206817627,0.3279089629650116,0.027791649103164673,-1.892137885093689,-1.725582480430603,-0.16655540466308594
0.2875000238418579,0.3533492982387543,0.3258514106273651,0.02749788761138916,-1.8557718992233276,-1.675734281539917,-0.18003761768341064
0.2950000762939453,0.35099801421165466,0.32379382848739624,0.027204185724258423,-1.8194059133529663,-1.625886082649231,-0.19351983070373535
0.3025001287460327,0.34864670038223267,0.32173624634742737,0.026910454034805298,-1.7830400466918945,-1.576037883758545,-0.2070021629333496
0.31000006198883057,0.34629544615745544,0.3196786940097809,0.02661675214767456,-1.746674656867981,-1.5261905193328857,-0.22048413753509521
0.3174999952316284,0.3439441919326782,0.3176211714744568,0.026323020458221436,-1.7103092670440674,-1.476343035697937,-0.23396623134613037
0.3250000476837158,0.3415928781032562,0.3155635893344879,0.02602928876876831,-1.673943281173706,-1.426494836807251,-0.24744844436645508
0.3325001001358032,0.3392415940761566,0.31350600719451904,0.025735586881637573,-1.6375774145126343,-1.376646637916565,-0.26093077659606934
0.3400000333786011,0.3368903398513794,0.31144848465919495,0.025441855192184448,-1.6012120246887207,-1.3267992734909058,-0.27441275119781494
0.3474999666213989,0.3345390558242798,0.30939093232154846,0.025148123502731323,-1.5648466348648071,-1.276951789855957,-0.2878948450088501
0.3550001382827759,0.3321877419948578,0.3073333203792572,0.024854421615600586,-1.5284801721572876,-1.2271028757095337,-0.3013772964477539
0.36250007152557373,0.3298364579677582,0.30551207065582275,0.024324387311935425,-1.492114782333374,-1.1885849237442017,-0.30352985858917236
0.3700000047683716,0.32748520374298096,0.30416324734687805,0.023321956396102905,-1.4557493925094604,-1.172719955444336,-0.2830294370651245
0.377500057220459,0.32513391971588135,0.30281442403793335,0.022319495677947998,-1.4193834066390991,-1.1568547487258911,-0.262528657913208
0.38499999046325684,0.32278263568878174,0.30146560072898865,0.02131703495979309,-1.3830180168151855,-1.1409897804260254,-0.24202823638916016
0.39250004291534424,0.32043135166168213,0.30011677742004395,0.020314574241638184,-1.3466521501541138,-1.1251246929168701,-0.22152745723724365
0.3999999761581421,0.3180800974369049,0.29876795411109924,0.019312143325805664,-1.3102867603302002,-1.1092597246170044,-0.2010270357131958
0.4075000286102295,0.3157287836074829,0.29741910099983215,0.018309682607650757,-1.2739207744598389,-1.0933945178985596,-0.1805262565612793
0.41499996185302734,0.3133775293827057,0.29607030749320984,0.01730722188949585,-1.2375555038452148,-1.0775295495986938,-0.160025954246521
0.42250001430511475,0.3110262155532837,0.29472145438194275,0.016304761171340942,-1.2011895179748535,-1.0616644620895386,-0.13952505588531494
0.43000006675720215,0.3086749315261841,0.29337263107299805,0.015302300453186035,-1.1648235321044922,-1.0457992553710938,-0.11902427673339844
0.43749988079071045,0.30632370710372925,0.29202383756637573,0.014299869537353516,-1.1284587383270264,-1.0299345254898071,-0.09852421283721924
0.44499993324279785,0.30397239327430725,0.29067498445510864,0.013297408819198608,-1.0920928716659546,-1.0140693187713623,-0.07802355289459229
0.4525001049041748,0.30162104964256287,0.28932613134384155,0.012294918298721313,-1.0557262897491455,-0.9982039332389832,-0.057522356510162354
0.46000003814697266,0.29926979541778564,0.28797730803489685,0.011292487382888794,-1.019360899925232,-0.9823390245437622,-0.03702187538146973
0.46749985218048096,0.2969185709953308,0.28662851452827454,0.010290056467056274,-0.9829961657524109,-0.9664743542671204,-0.016521811485290527
0.4750000238418579,0.2945672273635864,0.28527966141700745,0.00928756594657898,-0.9466296434402466,-0.9506089091300964,0.0039792656898498535
0.4825000762939453,0.29251301288604736,0.28393080830574036,0.008582204580307007,-0.9156239628791809,-0.9347437024116516,0.019119739532470703
0.4900001287460327,0.2919444739818573,0.28258198499679565,0.009362488985061646,-0.9114254713058472,-0.9188785552978516,0.0074530839920043945
0.49750006198883057,0.2913759648799896,0.28123316168785095,0.010142803192138672,-0.907227098941803,-0.9030135869979858,-0.004213511943817139
0.5049999952316284,0.29080745577812195,0.27988433837890625,0.010923117399215698,-0.903028666973114,-0.8871486783027649,-0.01587998867034912
0.5125000476837158,0.2902389168739319,0.27853551506996155,0.011703401803970337,-0.8988301753997803,-0.8712834715843201,-0.027546703815460205
0.5200002193450928,0.2896703779697418,0.27718666195869446,0.012483716011047363,-0.8946316242218018,-0.8554180264472961,-0.039213597774505615
0.5275000333786011,0.28910186886787415,0.27583786845207214,0.013264000415802002,-0.8904333114624023,-0.8395533561706543,-0.05087995529174805
0.5349999666213989,0.28853335976600647,0.27448904514312744,0.014044314622879028,-0.8862348794937134,-0.8236884474754333,-0.06254643201828003
0.5425000190734863,0.2879648208618164,0.2734719216823578,0.014492899179458618,-0.8820363879203796,-0.8122650980949402,-0.06977128982543945
0.5500001907348633,0.28739628195762634,0.2731180191040039,0.014278262853622437,-0.8778378367424011,-0.8097226619720459,-0.06811517477035522
0.5575000047683716,0.28682777285575867,0.27276411652565,0.014063656330108643,-0.8736394643783569,-0.8071803450584412,-0.06645911931991577
0.5649999380111694,0.286259263753891,0.27241021394729614,0.013849049806594849,-0.8694410920143127,-0.8046379685401917,-0.0648031234741211
0.5725001096725464,0.2856907248497009,0.27205631136894226,0.013634413480758667,-0.8652425408363342,-0.8020955324172974,-0.06314700841903687
0.5800000429153442,0.28512218594551086,0.27170243859291077,0.013419747352600098,-0.8610441088676453,-0.7995532155036926,-0.06149089336395264
0.5874999761581421,0.2845536768436432,0.2713485360145569,0.013205140829086304,-0.8568456768989563,-0.7970108389854431,-0.059834837913513184
0.5950000286102295,0.2839851379394531,0.270994633436203,0.012990504503250122,-0.8526471853256226,-0.7944684624671936,-0.058178722858428955
0.6025000810623169,0.28341662883758545,0.2706407308578491,0.012775897979736328,-0.8484486937522888,-0.7919260263442993,-0.0565226674079895
0.6100000143051147,0.2828480899333954,0.27028682827949524,0.012561261653900146,-0.8442503213882446,-0.7893837094306946,-0.05486661195755005
0.6175000667572021,0.2822795808315277,0.26993292570114136,0.012346655130386353,-0.8400518298149109,-0.7868412733078003,-0.053210556507110596
0.625,0.28171104192733765,0.26957905292510986,0.012131989002227783,-0.8358533978462219,-0.7842989563941956,-0.05155444145202637
0.6324999332427979,0.28114253282546997,0.269225150346756,0.01191738247871399,-0.831654965877533,-0.781756579875946,-0.049898386001586914
0.6399999856948853,0.2805739939212799,0.2688712477684021,0.011702746152877808,-0.827456533908844,-0.7792142033576965,-0.04824233055114746
0.6475000381469727,0.28000548481941223,0.2685173451900482,0.011488139629364014,-0.8232580423355103,-0.7766717672348022,-0.04658627510070801
0.6549999713897705,0.27943694591522217,0.26816344261169434,0.011273503303527832,-0.8190596103668213,-0.7741294503211975,-0.04493016004562378
0.6624999046325684,0.2788684368133545,0.26780956983566284,0.01105886697769165,-0.8148611783981323,-0.771587073802948,-0.043274104595184326
0.6700000762939453,0.27829989790916443,0.2674556374549866,0.010844260454177856,-0.8106626272201538,-0.7690446376800537,-0.0416179895401001
0.6775001287460327,0.27773135900497437,0.2671017348766327,0.010629624128341675,-0.8064641356468201,-0.7665022611618042,-0.03996187448501587
0.6850000619888306,0.2771628499031067,0.2667478621006012,0.010414987802505493,-0.8022657632827759,-0.7639598846435547,-0.03830587863922119
0.6924999952316284,0.2765943109989166,0.2663939595222473,0.010200351476669312,-0.7980673313140869,-0.7614175081253052,-0.03664982318878174
0.7000000476837158,0.27602580189704895,0.26604005694389343,0.009985744953155518,-0.7938688397407532,-0.7588751316070557,-0.03499370813369751
0.7074999809265137,0.2754572629928589,0.26568615436553955,0.009771108627319336,-0.7896704077720642,-0.7563327550888062,-0.03333765268325806
0.7150000333786011,0.2748887538909912,0.26533225178718567,0.009556502103805542,-0.7854719758033752,-0.7537903785705566,-0.031681597232818604
0.7224999666213989,0.27432021498680115,0.26528388261795044,0.009036332368850708,-0.7812735438346863,-0.753530740737915,-0.02774280309677124
0.7300000190734863,0.27384933829307556,0.26584622263908386,0.0080031156539917,-0.7778595089912415,-0.757834792137146,-0.02002471685409546
0.7375000715255737,0.27479249238967896,0.2664085924625397,0.008383899927139282,-0.7858051061630249,-0.762138843536377,-0.02366626262664795
0.7450000047683716,0.27573561668395996,0.2669709622859955,0.008764654397964478,-0.7937505841255188,-0.7664428353309631,-0.027307748794555664
0.7524999380111694,0.2766787111759186,0.2675333321094513,0.009145379066467285,-0.8016960620880127,-0.7707468271255493,-0.03094923496246338
0.7600001096725464,0.277621865272522,0.2680957019329071,0.009526163339614868,-0.8096418380737305,-0.7750509977340698,-0.034590840339660645
0.7674999237060547,0.278564989566803,0.2686580419540405,0.009906947612762451,-0.8175871968269348,-0.7793549299240112,-0.038232266902923584
0.7749999761581421,0.279508113861084,0.26922041177749634,0.010287702083587646,-0.8255327939987183,-0.7836589813232422,-0.041873812675476074
0.7825000286102295,0.2804512679576874,0.26978278160095215,0.01066848635673523,-0.8334784507751465,-0.7879630327224731,-0.04551541805267334
0.7900000810623169,0.2813943922519684,0.27034515142440796,0.011049240827560425,-0.8414240479469299,-0.7922670841217041,-0.04915696382522583
0.7975000143051147,0.2823375165462494,0.27090752124786377,0.01142999529838562,-0.8493695259094238,-0.7965710759162903,-0.052798449993133545
0.8049999475479126,0.2832806408405304,0.2714698612689972,0.011810779571533203,-0.8573150038719177,-0.8008750677108765,-0.05643993616104126
0.8125001192092896,0.2842237949371338,0.272032231092453,0.012191563844680786,-0.8652607798576355,-0.8051791787147522,-0.0600816011428833
0.8200000524520874,0.2851669192314148,0.2725946009159088,0.012572318315505981,-0.8732062578201294,-0.8094831705093384,-0.06372308731079102
0.8274999856948853,0.2861100137233734,0.2731569707393646,0.012953042984008789,-0.8811517357826233,-0.8137871623039246,-0.06736457347869873
0.8350000381469727,0.2870531678199768,0.27371934056282043,0.013333827257156372,-0.8890973329544067,-0.8180912733078003,-0.07100605964660645
0.8425000905990601,0.2879962921142578,0.27428171038627625,0.013714581727981567,-0.8970429301261902,-0.8223953247070312,-0.07464760541915894
0.8499999046325684,0.2889394164085388,0.27484405040740967,0.01409536600112915,-0.9049883484840393,-0.8266992568969727,-0.07828909158706665
0.8575000762939453,0.2898825705051422,0.2754064202308655,0.014476150274276733,-0.9129340648651123,-0.8310033679008484,-0.08193069696426392
0.8650000095367432,0.29082566499710083,0.2759687900543213,0.014856874942779541,-0.9208795428276062,-0.8353073596954346,-0.08557218313217163
0.8725000619888306,0.2917688190937042,0.2765311598777771,0.015237659215927124,-0.9288251399993896,-0.8396114110946655,-0.08921372890472412
0.8799998760223389,0.29271191358566284,0.2770934998989105,0.01561841368675232,-0.936770498752594,-0.8439153432846069,-0.09285515546798706
0.8875000476837158,0.29365506768226624,0.27765586972236633,0.015999197959899902,-0.9447162747383118,-0.8482194542884827,-0.0964968204498291
0.8949999809265137,0.29459819197654724,0.27821823954582214,0.016379952430725098,-0.9526617527008057,-0.8525234460830688,-0.10013830661773682
0.9025000333786011,0.29554131627082825,0.27911871671676636,0.01642259955406189,-0.9606073498725891,-0.8626503944396973,-0.09795695543289185
0.9099999666213989,0.29648444056510925,0.28069546818733215,0.0157889723777771,-0.968552827835083,-0.8844232559204102,-0.08412957191467285
0.9175000190734863,0.29742759466171265,0.28227221965789795,0.015155375003814697,-0.9764984846115112,-0.9061964750289917,-0.07030200958251953
0.9249999523162842,0.29837071895599365,0.28384894132614136,0.014521777629852295,-0.9844439625740051,-0.9279693365097046,-0.05647462606430054
0.9325001239776611,0.29931387305259705,0.28542575240135193,0.013888120651245117,-0.9923896789550781,-0.9497429132461548,-0.04264676570892334
0.9399999380111694,0.30025696754455566,0.28700244426727295,0.013254523277282715,-1.0003350973129272,-0.9715154767036438,-0.028819620609283447
0.9474999904632568,0.30120009183883667,0.28857919573783875,0.012620896100997925,-1.008280634880066,-0.9932886958122253,-0.014991939067840576
0.9550000429153442,0.30214324593544006,0.29015597701072693,0.011987268924713135,-1.0162262916564941,-1.015061855316162,-0.0011644363403320312
0.9624998569488525,0.3030863404273987,0.29173266887664795,0.011353671550750732,-1.0241717100143433,-1.0368343591690063,0.012662649154663086
0.9700000286102295,0.3040294945240021,0.29330945014953613,0.010720044374465942,-1.0321173667907715,-1.0586079359054565,0.02649056911468506
0.9775000810623169,0.3049726188182831,0.2948862314224243,0.010086387395858765,-1.0400630235671997,-1.080381155014038,0.04031813144683838
0.9850000143051147,0.3076229989528656,0.2964629530906677,0.011160045862197876,-1.0886849164962769,-1.1021541357040405,0.013469219207763672
0.9924999475479126,0.3103398382663727,0.2980397045612335,0.01230013370513916,-1.1388914585113525,-1.1239269971847534,-0.014964461326599121
1.0000001192092896,0.3130567967891693,0.2996164858341217,0.013440310955047607,-1.189099669456482,-1.1457005739212036,-0.04339909553527832
1.0074999332427979,0.315773606300354,0.3011931777000427,0.01458042860031128,-1.2393053770065308,-1.1674730777740479,-0.07183229923248291
1.0150001049041748,0.31849056482315063,0.3027699887752533,0.01572057604789734,-1.2895135879516602,-1.189246654510498,-0.10026693344116211
1.0225000381469727,0.3212074339389801,0.3043467104434967,0.0168607234954834,-1.3397201299667358,-1.211019515991211,-0.1287006139755249
1.0299999713897705,0.32392430305480957,0.3059234619140625,0.01800084114074707,-1.3899266719818115,-1.2327923774719238,-0.1571342945098877
1.037500023841858,0.3266412019729614,0.3075002133846283,0.01914098858833313,-1.4401339292526245,-1.2545655965805054,-0.18556833267211914
1.0450000762939453,0.3293581008911133,0.3090769648551941,0.02028113603591919,-1.490341305732727,-1.276338815689087,-0.21400249004364014
1.0524998903274536,0.33207494020462036,0.3106536865234375,0.02142125368118286,-1.5405470132827759,-1.2981113195419312,-0.24243569374084473
1.0600000619888306,0.3347918689250946,0.3122304677963257,0.02256140112876892,-1.5907552242279053,-1.3198848962783813,-0.2708703279495239
1.067500114440918,0.33750876784324646,0.3138072192668915,0.02370154857635498,-1.6409626007080078,-1.341658115386963,-0.2993044853210449
1.0749999284744263,0.34022560715675354,0.3153839409351349,0.024841666221618652,-1.6911683082580566,-1.3634306192398071,-0.3277376890182495
1.0824999809265137,0.3429425060749054,0.3170928955078125,0.025849610567092896,-1.7413756847381592,-1.3965706825256348,-0.3448050022125244
1.0900001525878906,0.345659464597702,0.31906625628471375,0.02659320831298828,-1.791583776473999,-1.4524445533752441,-0.3391392230987549
1.0974998474121094,0.34837624430656433,0.32103949785232544,0.02733674645423889,-1.8417887687683105,-1.508314847946167,-0.33347392082214355
1.1050000190734863,0.3510931730270386,0.3230128586292267,0.02808031439781189,-1.8919968605041504,-1.5641887187957764,-0.327808141708374
1.1125000715255737,0.3538101017475128,0.32498618960380554,0.028823912143707275,-1.942204236984253,-1.6200617551803589,-0.32214248180389404
1.119999885559082,0.3565269112586975,0.3269594609737396,0.029567450284957886,-1.9924099445343018,-1.6759330034255981,-0.3164769411087036
1.127500057220459,0.35924386978149414,0.32893282175064087,0.03031104803085327,-2.0426180362701416,-1.7318068742752075,-0.3108111619949341
1.1350001096725464,0.361960768699646,0.3309061527252197,0.03105461597442627,-2.092825412750244,-1.7876797914505005,-0.30514562129974365
1.1424999237060547,0.3646775782108307,0.3328794240951538,0.03179815411567688,-2.143031120300293,-1.8435510396957397,-0.2994800806045532
1.1500000953674316,0.3673945367336273,0.33485278487205505,0.032541751861572266,-2.193239450454712,-1.8994249105453491,-0.2938145399093628
1.1575002670288086,0.37011149525642395,0.3368261456489563,0.03328534960746765,-2.2434475421905518,-1.9552987813949585,-0.28814876079559326
1.1649999618530273,0.37282827496528625,0.338799387216568,0.03402888774871826,-2.2936525344848633,-2.011169195175171,-0.2824833393096924
1.1725001335144043,0.3755452036857605,0.34077274799346924,0.03477245569229126,-2.343860626220703,-2.0670430660247803,-0.27681756019592285
1.179999828338623,0.3782619833946228,0.34274598956108093,0.03551599383354187,-2.3940656185150146,-2.122913360595703,-0.2711522579193115
1.1875,0.38097894191741943,0.3447193503379822,0.036259591579437256,-2.4442737102508545,-2.1787872314453125,-0.265486478805542
1.1950000524520874,0.3836958408355713,0.34669268131256104,0.037003159523010254,-2.494481086730957,-2.2346601486206055,-0.25982093811035156
1.2024999856948853,0.38641270995140076,0.3486659824848175,0.03774672746658325,-2.544687509536743,-2.290532350540161,-0.25415515899658203
1.2100000381469727,0.3891296088695526,0.35063931345939636,0.03849029541015625,-2.5948948860168457,-2.346405267715454,-0.2484896183013916
1.21750009059906,0.39184650778770447,0.3526126444339752,0.03923386335372925,-2.6451022624969482,-2.402278423309326,-0.24282383918762207
1.2249999046325684,0.39456334710121155,0.3545859158039093,0.039977431297302246,-2.695307970046997,-2.4581494331359863,-0.23715853691101074
1.2325000762939453,0.39466479420661926,0.35655927658081055,0.038105517625808716,-2.7158315181732178,-2.5140233039855957,-0.20180821418762207
1.2400000095367432,0.3943420648574829,0.358532577753067,0.035809487104415894,-2.7315402030944824,-2.5698955059051514,-0.16164469718933105
1.247499942779541,0.39401933550834656,0.3605058789253235,0.03351345658302307,-2.747249126434326,-2.625767707824707,-0.12148141860961914
1.2549999952316284,0.3936966061592102,0.36247920989990234,0.03121739625930786,-2.76295804977417,-2.681640625,-0.08131742477416992
1.2625000476837158,0.39337387681007385,0.3635958731174469,0.029778003692626953,-2.7786669731140137,-2.723482370376587,-0.05518460273742676
1.2699998617172241,0.3930511772632599,0.3629997968673706,0.030051380395889282,-2.794375419616699,-2.7372701168060303,-0.057105302810668945
1.277500033378601,0.39272841811180115,0.3624036908149719,0.030324727296829224,-2.810084581375122,-2.751058340072632,-0.059026241302490234
1.2850000858306885,0.3924056887626648,0.36180758476257324,0.030598104000091553,-2.825793504714966,-2.7648465633392334,-0.06094694137573242
1.2925000190734863,0.39208298921585083,0.36121150851249695,0.030871480703353882,-2.8415024280548096,-2.778634548187256,-0.06286787986755371
1.2999999523162842,0.3917602598667145,0.36061543226242065,0.031144827604293823,-2.857211112976074,-2.792422294616699,-0.064788818359375
1.3075001239776611,0.39143750071525574,0.3600192964076996,0.03141820430755615,-2.872920274734497,-2.80621075630188,-0.06670951843261719
1.3149998188018799,0.3911148011684418,0.3594232499599457,0.031691551208496094,-2.8886284828186035,-2.819998264312744,-0.06863021850585938
1.3224999904632568,0.3907920718193054,0.358827143907547,0.03196492791175842,-2.9043376445770264,-2.8337864875793457,-0.07055115699768066
1.3300000429153442,0.39046934247016907,0.3582310378551483,0.03223830461502075,-2.92004656791687,-2.8475747108459473,-0.07247185707092285
1.337499976158142,0.3901466131210327,0.35763493180274963,0.03251168131828308,-2.935755491256714,-2.8613624572753906,-0.07439303398132324
1.3450000286102295,0.38982388377189636,0.35703885555267334,0.03278502821922302,-2.9514644145965576,-2.875150680541992,-0.07631373405456543
1.3525002002716064,0.38950115442276,0.35644274950027466,0.03305840492248535,-2.9671735763549805,-2.888939142227173,-0.07823443412780762
1.3600000143051147,0.38917842507362366,0.355846643447876,0.03333178162574768,-2.982882022857666,-2.902726650238037,-0.0801553726196289
1.3675000667572021,0.3888556957244873,0.3552505671977997,0.03360512852668762,-2.9985909461975098,-2.9165148735046387,-0.0820760726928711
1.375000238418579,0.38853296637535095,0.354654461145401,0.03387850522994995,-3.0143003463745117,-2.9303030967712402,-0.08399724960327148
1.3824999332427979,0.3882102370262146,0.3540583848953247,0.03415185213088989,-3.030008554458618,-2.9440906047821045,-0.08591794967651367
1.3900001049041748,0.38788750767707825,0.353462278842926,0.03442522883415222,-3.045717716217041,-2.957879066467285,-0.08783864974975586
1.3975000381469727,0.3875647783279419,0.35286617279052734,0.03469860553741455,-3.0614264011383057,-2.9716668128967285,-0.08975958824157715
1.4049999713897705,0.38724204897880554,0.35227009654045105,0.03497195243835449,-3.0771350860595703,-2.985454797744751,-0.09168028831481934
1.412500023841858,0.3869193196296692,0.35167399048805237,0.03524532914161682,-3.092844009399414,-2.9992430210113525,-0.09360098838806152
1.4200001955032349,0.38659659028053284,0.3510778844356537,0.03551870584487915,-3.108553171157837,-3.013031244277954,-0.09552192687988281
1.4275000095367432,0.3862738609313965,0.3504818081855774,0.03579205274581909,-3.1242618560791016,-3.0268189907073975,-0.0974428653717041
1.4350001811981201,0.38595113158226013,0.3498857021331787,0.03606542944908142,-3.1399710178375244,-3.040607452392578,-0.09936356544494629
1.4424998760223389,0.38562843203544617,0.34816333651542664,0.03746509552001953,-3.155679225921631,-3.02767014503479,-0.12800908088684082
1.4500000476837158,0.3853056728839874,0.3441886305809021,0.04111704230308533,-3.1713883876800537,-2.961291790008545,-0.2100965976715088
1.4574999809265137,0.38498297333717346,0.3402140736579895,0.04476889967918396,-3.1870970726013184,-2.8949155807495117,-0.29218149185180664
1.4649999141693115,0.3846602439880371,0.3362395167350769,0.048420727252960205,-3.202805757522583,-2.8285393714904785,-0.3742663860321045
1.472499966621399,0.38433751463890076,0.33226490020751953,0.052072614431381226,-3.218514919281006,-2.762162208557129,-0.45635271072387695
1.4800000190734863,0.3802694082260132,0.32829028367996216,0.051979124546051025,-3.1676175594329834,-2.6957850456237793,-0.4718325138092041
1.4874999523162842,0.3750079870223999,0.32431572675704956,0.05069226026535034,-3.0954978466033936,-2.629408836364746,-0.46608901023864746
1.4950000047683716,0.36974644660949707,0.3203411102294922,0.04940533638000488,-3.023376941680908,-2.5630316734313965,-0.4603452682495117
1.502500057220459,0.3644849359989166,0.3163664937019348,0.04811844229698181,-2.951256036758423,-2.496654510498047,-0.454601526260376
1.5099999904632568,0.35922348499298096,0.3123919367790222,0.04683154821395874,-2.879136323928833,-2.4302783012390137,-0.44885802268981934
1.5174999237060547,0.3539620637893677,0.3084173798561096,0.04554468393325806,-2.807016611099243,-2.3639020919799805,-0.4431145191192627
1.5250000953674316,0.34870046377182007,0.30444270372390747,0.0442577600479126,-2.7348945140838623,-2.2975237369537354,-0.43737077713012695
1.5324997901916504,0.3434391915798187,0.3004682660102844,0.0429709255695343,-2.6627771854400635,-2.231149911880493,-0.4316272735595703
1.5399999618530273,0.3381775915622711,0.2964935898780823,0.04168400168418884,-2.5906550884246826,-2.164771556854248,-0.42588353157043457
1.5475001335144043,0.3329159617424011,0.29251888394355774,0.040397077798843384,-2.5185329914093018,-2.098393201828003,-0.42013978958129883
1.5549999475479126,0.327654629945755,0.2885443866252899,0.03911024332046509,-2.4464144706726074,-2.0320181846618652,-0.4143962860107422
1.5625,0.3223930895328522,0.28456977009773254,0.03782331943511963,-2.374293565750122,-1.965640902519226,-0.408652663230896
1.570000171661377,0.31713148951530457,0.2805950939655304,0.03653639554977417,-2.3021717071533203,-1.8992626667022705,-0.4029090404510498
1.5774999856948853,0.31187012791633606,0.2766205966472626,0.035249531269073486,-2.230053186416626,-1.8328875303268433,-0.3971656560897827
1.5850000381469727,0.3066086173057556,0.2726459801197052,0.033962637186050415,-2.1579322814941406,-1.7665103673934937,-0.391421914100647
1.5925002098083496,0.301347017288208,0.26867130398750305,0.032675713300704956,-2.0858101844787598,-1.700132131576538,-0.3856780529022217
1.5999999046325684,0.29608574509620667,0.26469686627388,0.03138887882232666,-2.013692855834961,-1.6337580680847168,-0.37993478775024414
1.6075000762939453,0.29082414507865906,0.26072219014167786,0.0301019549369812,-1.94157075881958,-1.5673797130584717,-0.3741910457611084
1.6150000095367432,0.2855626940727234,0.25674763321876526,0.02881506085395813,-1.8694510459899902,-1.501003623008728,-0.3684474229812622
1.622499942779541,0.2803012728691101,0.2528167963027954,0.027484476566314697,-1.7973313331604004,-1.4435240030288696,-0.35380733013153076
1.6299999952316284,0.2750397324562073,0.24897338449954987,0.02606634795665741,-1.725210428237915,-1.403833270072937,-0.321377158164978
1.6375001668930054,0.26977813243865967,0.24512988328933716,0.02464824914932251,-1.6530884504318237,-1.3641420602798462,-0.28894639015197754
1.6449999809265137,0.26451677083969116,0.24128659069538116,0.023230180144309998,-1.5809698104858398,-1.3244526386260986,-0.2565171718597412
1.6525001525878906,0.25925517082214355,0.23744310438632965,0.021812066435813904,-1.5088478326797485,-1.2847613096237183,-0.22408652305603027
1.6599998474121094,0.2539938986301422,0.23359985649585724,0.020394042134284973,-1.4367303848266602,-1.245072603225708,-0.19165778160095215
1.6675000190734863,0.2487322986125946,0.22975637018680573,0.01897592842578888,-1.3646084070205688,-1.2053812742233276,-0.1592271327972412
1.6749999523162842,0.24347086250782013,0.22591300308704376,0.017557859420776367,-1.292488694190979,-1.1656912565231323,-0.12679743766784668
1.682499885559082,0.23820942640304565,0.2220696359872818,0.016139790415763855,-1.2203689813613892,-1.126001238822937,-0.09436774253845215
1.6899999380111694,0.23294790089130402,0.21822620928287506,0.014721691608428955,-1.1482480764389038,-1.086310625076294,-0.06193745136260986
1.6974999904632568,0.22768639028072357,0.21438279747962952,0.013303592801094055,-1.076127290725708,-1.0466200113296509,-0.02950727939605713
1.7049999237060547,0.2224249392747879,0.21053943037986755,0.011885508894920349,-1.0040075778961182,-1.0069299936294556,0.0029224157333374023
1.712499976158142,0.21716342866420746,0.20669600367546082,0.010467424988746643,-0.9318866729736328,-0.967239260673523,0.03535258769989014
1.7200000286102295,0.21190190315246582,0.20285257697105408,0.009049326181411743,-0.8597657680511475,-0.9275486469268799,0.06778287887573242
1.7274999618530273,0.20807206630706787,0.19900920987129211,0.009062856435775757,-0.8231891393661499,-0.8878586292266846,0.06466948986053467
1.7350001335144043,0.20499177277088165,0.1951657235622406,0.009826049208641052,-0.8052235245704651,-0.848167359828949,0.04294383525848389
1.7425000667572021,0.2019115835428238,0.19132235646247864,0.010589227080345154,-0.7872585654258728,-0.8084772825241089,0.021218717098236084
1.75,0.19883137941360474,0.18747898936271667,0.011352390050888062,-0.7692935466766357,-0.7687872648239136,-0.000506281852722168
1.7574999332427979,0.19575117528438568,0.1836356222629547,0.01211555302143097,-0.7513285279273987,-0.7290972471237183,-0.02223128080368042
1.7650001049041748,0.19267088174819946,0.1797921359539032,0.012878745794296265,-0.7333629131317139,-0.6894059777259827,-0.0439569354057312
1.772499918937683,0.18959073722362518,0.1759488433599472,0.013641893863677979,-0.7153981924057007,-0.6497166156768799,-0.0656815767288208
1.78000009059906,0.18651044368743896,0.1721053570508957,0.014405086636543274,-0.6974326372146606,-0.6100252866744995,-0.08740735054016113
1.7875001430511475,0.18343019485473633,0.16826193034648895,0.015168264508247375,-0.6794673204421997,-0.5703346729278564,-0.10913264751434326
1.7949999570846558,0.18035005033016205,0.16441862285137177,0.015931427478790283,-0.6615025997161865,-0.5306452512741089,-0.13085734844207764
1.8025000095367432,0.1772698014974594,0.16102828085422516,0.016241520643234253,-0.6435373425483704,-0.5003003478050232,-0.14323699474334717
1.8100001811981201,0.1741895079612732,0.1585436761379242,0.015645831823349,-0.6255717277526855,-0.48863813281059265,-0.1369335949420929
1.8174998760223389,0.1711094081401825,0.15605923533439636,0.015050172805786133,-0.6076073050498962,-0.4769766628742218,-0.13063064217567444
1.8250000476837158,0.16802911460399628,0.1535746306180954,0.014454483985900879,-0.5896416902542114,-0.46531444787979126,-0.12432724237442017
1.8325001001358032,0.16494886577129364,0.15109007060527802,0.013858795166015625,-0.5716764330863953,-0.45365244150161743,-0.11802399158477783
1.8399999141693115,0.16186872124671936,0.1486055850982666,0.013263136148452759,-0.5537117123603821,-0.44199079275131226,-0.11172091960906982
1.847499966621399,0.15878847241401672,0.14612101018428802,0.012667462229728699,-0.5357463955879211,-0.4303287863731384,-0.10541760921478271
1.8550001382827759,0.1557081788778305,0.14363640546798706,0.012071773409843445,-0.5177808403968811,-0.4186665713787079,-0.09911426901817322
1.8624999523162842,0.15262803435325623,0.14115191996097565,0.011476114392280579,-0.49981608986854553,-0.4070049524307251,-0.09281113743782043
1.8700001239776611,0.14954774081707,0.13866731524467468,0.010880425572395325,-0.4818505048751831,-0.39534273743629456,-0.08650776743888855
1.877500057220459,0.14646753668785095,0.13618279993534088,0.01028473675251007,-0.46388548612594604,-0.38368090987205505,-0.08020457625389099
1.8849999904632568,0.1433873474597931,0.1336982697248459,0.009689077734947205,-0.44592049717903137,-0.37201908230781555,-0.07390141487121582
1.8924999237060547,0.14030714333057404,0.1312137395143509,0.009093403816223145,-0.4279554784297943,-0.36035725474357605,-0.06759822368621826
1.9000000953674316,0.13722684979438782,0.12872913479804993,0.00849771499633789,-0.4099898934364319,-0.3486950397491455,-0.06129485368728638
1.90749990940094,0.13414670526981354,0.1262446492910385,0.007902055978775024,-0.3920251727104187,-0.33703339099884033,-0.05499178171157837
1.915000081062317,0.13106641173362732,0.12376005202531815,0.007306359708309174,-0.3740595877170563,-0.3253712058067322,-0.0486883819103241
1.9224998950958252,0.12798625230789185,0.12127555906772614,0.0067106932401657104,-0.3560948669910431,-0.313709557056427,-0.04238530993461609
1.9300000667572021,0.12490596622228622,0.11879095435142517,0.0061150118708610535,-0.33812928199768066,-0.30204734206199646,-0.036081939935684204
1.9375001192092896,0.12182571738958359,0.11630639433860779,0.0055193230509757996,-0.3201639950275421,-0.29038533568382263,-0.029778659343719482
1.9449999332427979,0.11874557286500931,0.11382190883159637,0.004923664033412933,-0.30219924449920654,-0.27872368693351746,-0.023475557565689087
1.9525001049041748,0.11566527187824249,0.11133730411529541,0.0043279677629470825,-0.2842336893081665,-0.2670615017414093,-0.017172187566757202
1.9600000381469727,0.11258507519960403,0.10885277390480042,0.0037323012948036194,-0.26626867055892944,-0.2553996741771698,-0.010868996381759644
1.9674999713897705,0.10950487852096558,0.10636825114488602,0.0031366273760795593,-0.24830365180969238,-0.2437378317117691,-0.004565820097923279
1.9749999046325684,0.10728373378515244,0.10388372838497162,0.0034000054001808167,-0.23787875473499298,-0.2320760041475296,-0.005802750587463379
1.9825000762939453,0.10575351864099503,0.1017155572772026,0.004037961363792419,-0.2335186004638672,-0.2227967530488968,-0.010721847414970398
1.9899998903274536,0.10422337800264359,0.10018035024404526,0.004043027758598328,-0.22915863990783691,-0.21828363835811615,-0.010875001549720764
1.9975000619888306,0.10269316285848618,0.09864506125450134,0.004048101603984833,-0.22479847073554993,-0.2137703150510788,-0.01102815568447113
2.005000114440918,0.10116297751665115,0.09710979461669922,0.004053182899951935,-0.2204383760690689,-0.20925705134868622,-0.01118132472038269
2.012500047683716,0.09963280707597733,0.09557455778121948,0.004058249294757843,-0.21607835590839386,-0.2047438621520996,-0.01133449375629425
2.0199999809265137,0.0981026440858841,0.09403932094573975,0.004063323140144348,-0.21171832084655762,-0.200230672955513,-0.011487647891044617
2.0275001525878906,0.09657242894172668,0.09250403195619583,0.004068396985530853,-0.20735816657543182,-0.19571733474731445,-0.01164083182811737
2.0349998474121094,0.09504231065511703,0.09096884727478027,0.0040734633803367615,-0.20299828052520752,-0.19120429456233978,-0.011793985962867737
2.0425000190734863,0.09351209551095963,0.08943355828523636,0.004078537225723267,-0.19863811135292053,-0.18669095635414124,-0.011947154998779297
2.0500001907348633,0.09198188036680222,0.08789826929569244,0.004083611071109772,-0.19427794218063354,-0.18217763304710388,-0.012100309133529663
2.057499885559082,0.09045176208019257,0.08636308461427689,0.00408867746591568,-0.18991805613040924,-0.17766457796096802,-0.012253478169441223
2.065000057220459,0.08892154693603516,0.08482779562473297,0.004093751311302185,-0.18555790185928345,-0.17315125465393066,-0.012406647205352783
2.072500228881836,0.08739133179187775,0.08329250663518906,0.00409882515668869,-0.18119773268699646,-0.16863791644573212,-0.012559816241264343
2.0799999237060547,0.0858612135052681,0.0817573219537735,0.004103891551494598,-0.17683784663677216,-0.16412487626075745,-0.01271297037601471
2.0875000953674316,0.08433099836111069,0.08022203296422958,0.0041089653968811035,-0.17247767746448517,-0.1596115380525589,-0.01286613941192627
2.0950000286102295,0.08280083537101746,0.07868679612874985,0.004114039242267609,-0.16811765730381012,-0.1550983488559723,-0.01301930844783783
2.1024999618530273,0.08127066493034363,0.07715155929327011,0.004119105637073517,-0.16375763714313507,-0.15058515965938568,-0.01317247748374939
2.109999895095825,0.0797405019402504,0.07561632245779037,0.004124179482460022,-0.15939760208129883,-0.14607197046279907,-0.013325631618499756
2.117500066757202,0.07821028679609299,0.07408103346824646,0.004129253327846527,-0.15503744781017303,-0.14155864715576172,-0.013478800654411316
2.125,0.07668011635541916,0.07254579663276672,0.004134319722652435,-0.1506774127483368,-0.1370454579591751,-0.013631954789161682
2.132500171661377,0.07514990121126175,0.07101050764322281,0.00413939356803894,-0.146317258477211,-0.13253211975097656,-0.013785138726234436
2.1399998664855957,0.0736197829246521,0.06947531551122665,0.0041444674134254456,-0.1419573724269867,-0.1280190795660019,-0.013938292860984802
2.1475000381469727,0.07208956778049469,0.06794003397226334,0.004149533808231354,-0.1375972032546997,-0.12350574135780334,-0.014091461896896362
2.1550002098083496,0.07055935263633728,0.06640474498271942,0.004154607653617859,-0.13323703408241272,-0.1189924106001854,-0.014244623482227325
2.1624999046325684,0.06902923434972763,0.06505916267633438,0.0039700716733932495,-0.12887714803218842,-0.11524651944637299,-0.01363062858581543
2.1700000762939453,0.06749901920557022,0.0640927106142044,0.003406308591365814,-0.12451698631048203,-0.11303465068340302,-0.01148233562707901
2.177500009536743,0.06596885621547699,0.06312628835439682,0.0028425678610801697,-0.12015696614980698,-0.11082284897565842,-0.00933411717414856
2.184999942779541,0.06443869322538376,0.062159858644008636,0.002278834581375122,-0.11579693853855133,-0.10861105471849442,-0.007185883820056915
2.192499876022339,0.06290852278470993,0.06119343265891075,0.001715090125799179,-0.11143691092729568,-0.10639925301074982,-0.005037657916545868
2.200000047683716,0.06137830764055252,0.06022697687149048,0.0011513307690620422,-0.1070767492055893,-0.10418738424777985,-0.0028893649578094482
2.2074999809265137,0.05984814092516899,0.05926055461168289,0.0005875863134860992,-0.10271672159433365,-0.10197558999061584,-0.000741131603717804
2.2150001525878906,0.05831792578101158,0.05829409882426262,2.3826956748962402e-05,-0.09835655987262726,-0.09976372122764587,0.0014071613550186157
2.2225000858306885,0.05712010711431503,0.057327672839164734,-0.00020756572484970093,-0.0952284038066864,-0.09755191951990128,0.0023235157132148743
2.2300000190734863,0.05632488802075386,0.05636124685406685,-3.635883331298828e-05,-0.09359250962734222,-0.09534012526273727,0.00174761563539505
2.237499952316284,0.05552966892719269,0.055394820868968964,0.00013484805822372437,-0.09195662289857864,-0.09312832355499268,0.001171700656414032
2.245000123977661,0.054734423756599426,0.05442836508154869,0.0003060586750507355,-0.09032067656517029,-0.0909164547920227,0.000595778226852417
2.25249981880188,0.05393923074007034,0.05346196889877319,0.00047726184129714966,-0.08868484199047089,-0.08870472759008408,1.9885599613189697e-05
2.259999990463257,0.05314398556947708,0.05249551311135292,0.0006484724581241608,-0.08704890310764313,-0.0864928588271141,-0.0005560442805290222
2.2674999237060547,0.05234876647591591,0.051529090851545334,0.000819675624370575,-0.08541300892829895,-0.0842810645699501,-0.0011319443583488464
2.2749998569488525,0.05155354365706444,0.05056266486644745,0.0009908787906169891,-0.08377712219953537,-0.0820692628622055,-0.0017078593373298645
2.2825000286102295,0.050758302211761475,0.049596209079027176,0.0011620931327342987,-0.08214118331670761,-0.07985739409923553,-0.0022837892174720764
2.2899999618530273,0.049963079392910004,0.04862978309392929,0.0013332962989807129,-0.08050528913736343,-0.07764559984207153,-0.0028596892952919006
2.297499895095825,0.04916786029934883,0.047663357108831406,0.0015045031905174255,-0.07886940240859985,-0.07543379813432693,-0.0034356042742729187
2.305000066757202,0.04837261512875557,0.04669690132141113,0.0016757138073444366,-0.0772334635257721,-0.07322192937135696,-0.004011534154415131
2.312500238418579,0.047577373683452606,0.04573044553399086,0.0018469281494617462,-0.07559751719236374,-0.071010060608387,-0.004587456583976746
2.319999933242798,0.046782176941633224,0.04476404935121536,0.002018127590417862,-0.07396168261766434,-0.06879833340644836,-0.005163349211215973
2.327500104904175,0.04598693177103996,0.04379759356379509,0.002189338207244873,-0.07232574373483658,-0.0665864646434784,-0.005739279091358185
2.3350000381469727,0.04519171267747879,0.0428311713039875,0.0023605413734912872,-0.0706898495554924,-0.06437467038631439,-0.006315179169178009
2.3424999713897705,0.04439649358391762,0.04198170080780983,0.002414792776107788,-0.06905396282672882,-0.06251759082078934,-0.006536372005939484
2.3499999046325684,0.043601274490356445,0.0413661003112793,0.0022351741790771484,-0.06741806864738464,-0.06136980280280113,-0.006048265844583511
2.3575000762939453,0.042806029319763184,0.04075048118829727,0.002055548131465912,-0.06578212976455688,-0.06022198498249054,-0.005560144782066345
2.365000009536743,0.04201081022620201,0.04013487696647644,0.0018759332597255707,-0.0641462430357933,-0.05907420068979263,-0.005072042346000671
2.372499942779541,0.04121559113264084,0.03951927646994591,0.001696314662694931,-0.06251034885644913,-0.05792641639709473,-0.004583932459354401
2.380000114440918,0.04042034596204758,0.03890365734696388,0.0015166886150836945,-0.06087440997362137,-0.056778598576784134,-0.0040958113968372345
2.387500047683716,0.039625126868486404,0.03828805685043335,0.0013370700180530548,-0.05923851951956749,-0.05563081428408623,-0.003607705235481262
2.3949999809265137,0.03882990777492523,0.03767245635390282,0.0011574514210224152,-0.05760263279080391,-0.05448302999138832,-0.0031196027994155884
2.4024999141693115,0.03803468868136406,0.037056855857372284,0.0009778328239917755,-0.05596674233675003,-0.053335245698690414,-0.002631496638059616
2.4099998474121094,0.03723946586251259,0.03644125536084175,0.0007982105016708374,-0.05433085188269615,-0.052187465131282806,-0.0021433867514133453
2.4175000190734863,0.03644422069191933,0.03582563251256943,0.0006185881793498993,-0.05269491299986839,-0.051039643585681915,-0.0016552694141864777
2.424999952316284,0.035649001598358154,0.035210032016038895,0.00043896958231925964,-0.051059022545814514,-0.04989185929298401,-0.0011671632528305054
2.432499885559082,0.03485378250479698,0.03459443151950836,0.00025935098528862,-0.049423132091760635,-0.0487440787255764,-0.0006790533661842346
2.440000057220459,0.03405853733420372,0.03397881239652634,7.972493767738342e-05,-0.04778718948364258,-0.04759625717997551,-0.00019093230366706848
2.447499990463257,0.03326331824064255,0.033363211899995804,-9.989365935325623e-05,-0.046151302754879,-0.0464484728872776,0.00029717013239860535
2.4549999237060547,0.032468099147081375,0.03274761140346527,-0.0002795122563838959,-0.04451541230082512,-0.0453006885945797,0.0007852762937545776
2.4625000953674316,0.03167285397648811,0.03213198855519295,-0.000459134578704834,-0.04287946969270706,-0.044152870774269104,0.0012734010815620422
2.4699997901916504,0.031007423996925354,0.031516410410404205,-0.0005089864134788513,-0.041578128933906555,-0.04300512373447418,0.001426994800567627
2.4774999618530273,0.030582943931221962,0.03090078756213188,-0.00031784363090991974,-0.0408979095518589,-0.04185730218887329,0.000959392637014389
2.4850001335144043,0.03015846200287342,0.030285168439149857,-0.00012670643627643585,-0.04021769016981125,-0.0407094843685627,0.0004917941987514496
2.492499828338623,0.029734008014202118,0.029669586569070816,6.442144513130188e-05,-0.03953751549124718,-0.039561737328767776,2.4221837520599365e-05
2.5,0.029309526085853577,0.02905396558344364,0.000255560502409935,-0.03885729983448982,-0.038413915783166885,-0.000443384051322937
2.507500171661377,0.028885046020150185,0.028438346460461617,0.0004466995596885681,-0.03817708045244217,-0.03726609796285629,-0.0009109824895858765
2.5149998664855957,0.028460592031478882,0.027822764590382576,0.0006378274410963058,-0.0374969057738781,-0.03611835092306137,-0.0013785548508167267
2.5225000381469727,0.02803611010313034,0.027280570939183235,0.0007555391639471054,-0.036816686391830444,-0.0351458378136158,-0.0016708485782146454
2.5300002098083496,0.0276116281747818,0.02688518539071083,0.0007264427840709686,-0.03613646700978279,-0.03452383354306221,-0.001612633466720581
2.5374999046325684,0.027187174186110497,0.026489825919270515,0.0006973482668399811,-0.03545629233121872,-0.033901870250701904,-0.0015544220805168152
2.5450000762939453,0.026762694120407104,0.02609444037079811,0.0006682537496089935,-0.034776076674461365,-0.033279869705438614,-0.0014962069690227509
2.552500009536743,0.026338225230574608,0.02569906786084175,0.0006391573697328568,-0.0340958796441555,-0.032657887786626816,-0.0014379918575286865
2.559999942779541,0.02591375820338726,0.02530369721353054,0.00061006098985672,-0.03341568261384964,-0.03203590586781502,-0.0013797767460346222
2.567500114440918,0.02548927627503872,0.024908311665058136,0.0005809646099805832,-0.03273546323180199,-0.03141390159726143,-0.0013215616345405579
2.575000286102295,0.025064796209335327,0.02451292611658573,0.0005518700927495956,-0.03205524757504463,-0.03079190105199814,-0.0012633465230464935
2.5824999809265137,0.024640342220664024,0.024117566645145416,0.0005227755755186081,-0.03137507289648056,-0.030169937759637833,-0.0012051351368427277
2.5900001525878906,0.024215860292315483,0.02372218295931816,0.0004936773329973221,-0.030694853514432907,-0.029547935351729393,-0.001146918162703514
2.5975000858306885,0.023791393265128136,0.0233268104493618,0.00046458281576633453,-0.030014656484127045,-0.028925953432917595,-0.0010887030512094498
2.6050000190734863,0.02336692437529564,0.02293143793940544,0.00043548643589019775,-0.029334459453821182,-0.028303971514105797,-0.0010304879397153854
2.612499952316284,0.02294245734810829,0.02253606542944908,0.0004063919186592102,-0.02865426428616047,-0.027681989595294,-0.0009722746908664703
2.619999885559082,0.022517990320920944,0.02214069291949272,0.00037729740142822266,-0.027974067255854607,-0.0270600076764822,-0.000914059579372406
2.62749981880188,0.022093521431088448,0.02174532040953636,0.0003482010215520859,-0.027293870225548744,-0.026438023895025253,-0.0008558463305234909
2.634999990463257,0.021669041365385056,0.021349936723709106,0.0003191046416759491,-0.02661365270614624,-0.025816023349761963,-0.0007976293563842773
2.6424999237060547,0.02124457247555256,0.020954564213752747,0.0002900082617998123,-0.025933455675840378,-0.025194039568305016,-0.0007394161075353622
2.6500000953674316,0.020820092409849167,0.020559178665280342,0.00026091374456882477,-0.025253238156437874,-0.024572037160396576,-0.0006812009960412979
2.6575000286102295,0.02039562352001667,0.020163806155323982,0.000231817364692688,-0.02457304112613201,-0.023950055241584778,-0.0006229858845472336
2.6649999618530273,0.019971156492829323,0.019768433645367622,0.00020272284746170044,-0.02389284409582615,-0.02332807332277298,-0.0005647707730531693
2.672499895095825,0.019546689465641975,0.019373061135411263,0.0001736283302307129,-0.023212647065520287,-0.02270609140396118,-0.0005065556615591049
2.680000066757202,0.019122207537293434,0.018977677449584007,0.00014453008770942688,-0.022532429546117783,-0.022084088996052742,-0.0004483405500650406
2.687499761581421,0.01869775354862213,0.018582317978143692,0.00011543557047843933,-0.02185225486755371,-0.021462125703692436,-0.0003901291638612747
2.694999933242798,0.01827327162027359,0.018186932429671288,8.633919060230255e-05,-0.021172037348151207,-0.020840125158429146,-0.00033191218972206116
2.702500104904175,0.017848791554570198,0.017838073894381523,1.0717660188674927e-05,-0.020491817966103554,-0.020309187471866608,-0.0001826304942369461
2.7100000381469727,0.0174243226647377,0.01758226379752159,-0.00015794113278388977,-0.01981162279844284,-0.019960366189479828,0.0001487433910369873
2.7174999713897705,0.01704990863800049,0.01732645370066166,-0.00027654506266117096,-0.01922806166112423,-0.0196115430444479,0.00038348138332366943
2.7250001430511475,0.01682726852595806,0.01707063615322113,-0.00024336762726306915,-0.01893753372132778,-0.019262710586190224,0.000325176864862442
2.7325000762939453,0.01660463586449623,0.0168148260563612,-0.00021019019186496735,-0.01864701323211193,-0.018913889303803444,0.00026687607169151306
2.740000009536743,0.0163820032030344,0.016559015959501266,-0.00017701275646686554,-0.01835649460554123,-0.018565068021416664,0.00020857341587543488
2.74750018119812,0.016159363090991974,0.01630319654941559,-0.0001438334584236145,-0.01806596666574478,-0.01821623556315899,0.00015026889741420746
2.754999876022339,0.01593673601746559,0.016047393903136253,-0.00011065788567066193,-0.017775455489754677,-0.017867423593997955,9.19681042432785e-05
2.762500047683716,0.015714095905423164,0.015791576355695724,-7.748045027256012e-05,-0.01748492754995823,-0.01751859113574028,3.3663585782051086e-05
2.7699999809265137,0.015491463243961334,0.015535766258835793,-4.430301487445831e-05,-0.017194408923387527,-0.0171697698533535,-2.46390700340271e-05
2.7774999141693115,0.01526882965117693,0.01527995616197586,-1.1126510798931122e-05,-0.016903890296816826,-0.01682094670832157,-8.294358849525452e-05
2.7850000858306885,0.015046189539134502,0.015024137683212757,2.20518559217453e-05,-0.01661336049437523,-0.016472114250063896,-0.0001412462443113327
2.7925000190734863,0.014823556877672672,0.014768327586352825,5.522929131984711e-05,-0.016322841867804527,-0.016123292967677116,-0.0001995489001274109
2.799999952316284,0.014600923284888268,0.014512517489492893,8.84057953953743e-05,-0.016032323241233826,-0.015774471685290337,-0.0002578515559434891
2.807500123977661,0.01437828317284584,0.01425669901072979,0.00012158416211605072,-0.015741795301437378,-0.015425638295710087,-0.0003161570057272911
2.815000057220459,0.01415565051138401,0.014000888913869858,0.00015476159751415253,-0.015451275743544102,-0.015076817013323307,-0.0003744587302207947
2.822499990463257,0.013933016918599606,0.013745078817009926,0.00018793810158967972,-0.015160756185650826,-0.014727994799613953,-0.00043276138603687286
2.8299999237060547,0.013710384257137775,0.013489268720149994,0.00022111553698778152,-0.014870237559080124,-0.014379173517227173,-0.000491064041852951
2.8375000953674316,0.013487744145095348,0.01323345024138689,0.00025429390370845795,-0.014579708687961102,-0.014030340127646923,-0.0005493685603141785
2.8449997901916504,0.01326511800289154,0.01297764852643013,0.0002874694764614105,-0.014289198443293571,-0.013681530021131039,-0.0006076684221625328
2.8524999618530273,0.013042477890849113,0.012721830047667027,0.00032064784318208694,-0.013998670503497124,-0.013332696631550789,-0.0006659738719463348
2.8600001335144043,0.012819837778806686,0.012466011568903923,0.00035382620990276337,-0.013708142563700676,-0.012983864173293114,-0.0007242783904075623
2.867500066757202,0.012597204186022282,0.012210201472043991,0.00038700271397829056,-0.0134176230058074,-0.01263504195958376,-0.0007825810462236404
2.875,0.012374571524560452,0.01195439137518406,0.00042018014937639236,-0.013127103447914124,-0.01228622067719698,-0.000840882770717144
2.882499933242798,0.012151938863098621,0.011728323996067047,0.00042361486703157425,-0.012836584821343422,-0.0119867492467165,-0.0008498355746269226
2.890000104904175,0.011929298751056194,0.011561707593500614,0.00036759115755558014,-0.0125460559502244,-0.01178592536598444,-0.0007601305842399597
2.8975000381469727,0.01170666515827179,0.011395095847547054,0.00031156931072473526,-0.012255537323653698,-0.011585107073187828,-0.0006704302504658699
2.9049999713897705,0.01148403249680996,0.011228485032916069,0.0002555474638938904,-0.011965017765760422,-0.011384289711713791,-0.0005807280540466309
2.9124999046325684,0.011261398904025555,0.011061874218285084,0.00019952468574047089,-0.01167449913918972,-0.011183472350239754,-0.0004910267889499664
2.9200000762939453,0.011038758791983128,0.01089525781571865,0.00014350097626447678,-0.011383970268070698,-0.010982648469507694,-0.00040132179856300354
2.927499771118164,0.01081613264977932,0.010728651657700539,8.748099207878113e-05,-0.011093460954725742,-0.010781836695969105,-0.0003116242587566376
2.934999942779541,0.010593492537736893,0.010562035255134106,3.145728260278702e-05,-0.01080293208360672,-0.010581012815237045,-0.00022191926836967468
2.942500114440918,0.010370852425694466,0.010395418852567673,-2.4566426873207092e-05,-0.010512404143810272,-0.010380188934504986,-0.0001322152093052864
2.950000047683716,0.010148219764232635,0.010228808037936687,-8.058827370405197e-05,-0.010221884585916996,-0.010179371573030949,-4.251301288604736e-05
2.9574999809265137,0.00992558617144823,0.010062196291983128,-0.00013661012053489685,-0.009931365959346294,-0.009978553280234337,4.718732088804245e-05
2.9650001525878906,0.009702946059405804,0.009895579889416695,-0.00019263383001089096,-0.009640837088227272,-0.009777729399502277,0.00013689231127500534
2.9724998474121094,0.009480319917201996,0.009728974662721157,-0.0002486547455191612,-0.009350327774882317,-0.009576918557286263,0.00022659078240394592
2.9800000190734863,0.009257679805159569,0.009562358260154724,-0.00030467845499515533,-0.009059798903763294,-0.009376094676554203,0.0003162957727909088
2.987499952316284,0.009035047143697739,0.009395746514201164,-0.0003606993705034256,-0.008769279345870018,-0.009175276383757591,0.00040599703788757324
2.994999885559082,0.008812413550913334,0.009229135699570179,-0.0004167221486568451,-0.008478760719299316,-0.008974459022283554,0.0004956983029842377
3.002500057220459,0.008679660968482494,0.009062519297003746,-0.0003828583285212517,-0.008323141373693943,-0.008773635141551495,0.0004504937678575516
3.010000228881836,0.008578673005104065,0.008895902894437313,-0.00031722988933324814,-0.008215196430683136,-0.008572811260819435,0.00035761483013629913
3.0174999237060547,0.008477691560983658,0.008729297667741776,-0.0002516061067581177,-0.008107258938252926,-0.008371999487280846,0.00026474054902791977
3.0250000953674316,0.008376703597605228,0.008562681265175343,-0.00018597766757011414,-0.007999313995242119,-0.008171175606548786,0.00017186161130666733
3.0325000286102295,0.008275718428194523,0.008396069519221783,-0.00012035109102725983,-0.007891371846199036,-0.007970358245074749,7.898639887571335e-05
3.0399999618530273,0.008174734190106392,0.008229458704590797,-5.472451448440552e-05,-0.007783430628478527,-0.007769540883600712,-1.3889744877815247e-05
3.047499895095825,0.008073749020695686,0.008062847889959812,1.0901130735874176e-05,-0.0076754894107580185,-0.007568723056465387,-0.00010676635429263115
3.055000066757202,0.007972761057317257,0.00789623148739338,7.652956992387772e-05,-0.0075675444677472115,-0.007367899175733328,-0.0001996452920138836
3.0625,0.007871775887906551,0.00774877704679966,0.00012299884110689163,-0.007459603250026703,-0.007194688078016043,-0.00026491517201066017
3.069999933242798,0.007770791184157133,0.007639624644070864,0.00013116654008626938,-0.007351661566644907,-0.007076671347022057,-0.0002749902196228504
3.077500104904175,0.007669803220778704,0.007530468516051769,0.00013933470472693443,-0.0072437166236341,-0.006958651356399059,-0.00028506526723504066
3.0850000381469727,0.007568818051367998,0.007421316113322973,0.00014750193804502487,-0.007135775405913591,-0.006840634625405073,-0.0002951407805085182
3.0925002098083496,0.007467830087989569,0.007312159985303879,0.00015567010268568993,-0.007027830462902784,-0.006722614634782076,-0.00030521582812070847
3.0999999046325684,0.007366848643869162,0.007203010842204094,0.00016383780166506767,-0.006919892504811287,-0.006604601629078388,-0.0003152908757328987
3.1075000762939453,0.007265860214829445,0.0070938547141849995,0.00017200550064444542,-0.00681194756180048,-0.006486581638455391,-0.00032536592334508896
3.115000009536743,0.007164875511080027,0.0069847023114562035,0.00018017319962382317,-0.006704006344079971,-0.006368565373122692,-0.0003354409709572792
3.122499942779541,0.007063890807330608,0.00687554944306612,0.00018834136426448822,-0.006596064660698175,-0.006250548642128706,-0.00034551601856946945
3.129999876022339,0.006962905637919903,0.006766397040337324,0.00019650859758257866,-0.006488123442977667,-0.006132532376796007,-0.0003555910661816597
3.137500047683716,0.006861917674541473,0.00665724091231823,0.0002046767622232437,-0.00638017849996686,-0.0060145119205117226,-0.00036566657945513725
3.1449999809265137,0.006760932970792055,0.006548088509589434,0.00021284446120262146,-0.006272236816585064,-0.005896495655179024,-0.0003757411614060402
3.1524999141693115,0.0066599478013813496,0.00643893564119935,0.0002210121601819992,-0.006164295598864555,-0.005778478924185038,-0.00038581667467951775
3.1600000858306885,0.00655895983800292,0.006329779978841543,0.00022917985916137695,-0.006056350655853748,-0.00566045893356204,-0.000395891722291708
3.1675000190734863,0.006457975134253502,0.00622062711045146,0.000237348023802042,-0.0059484089724719524,-0.005542442202568054,-0.00040596676990389824
3.174999952316284,0.006356990430504084,0.006111474707722664,0.00024551572278141975,-0.005840467754751444,-0.005424425937235355,-0.0004160418175160885
3.182500123977661,0.006256002001464367,0.006002318579703569,0.0002536834217607975,-0.005732522811740637,-0.005306405480951071,-0.00042611733078956604
3.18999981880188,0.00615502055734396,0.0058931694366037846,0.00026185112074017525,-0.005624584853649139,-0.00518839294090867,-0.000436191912740469
3.197499990463257,0.00605403259396553,0.00578401330858469,0.0002700192853808403,-0.005516639910638332,-0.005070372950285673,-0.0004462669603526592
3.2049999237060547,0.005953047424554825,0.005674860905855894,0.00027818651869893074,-0.005408698692917824,-0.004952356219291687,-0.0004563424736261368
3.2124998569488525,0.005852062720805407,0.005565708037465811,0.0002863546833395958,-0.005300757009536028,-0.004834339953958988,-0.0004664170555770397
3.2200000286102295,0.005751074757426977,0.005456552375108004,0.00029452238231897354,-0.005192812066525221,-0.004716319497674704,-0.0004764925688505173
3.2275002002716064,0.0056500863283872604,0.005347396247088909,0.0003026900812983513,-0.005084867589175701,-0.004598299507051706,-0.00048656808212399483
3.234999895095825,0.005549104884266853,0.005238247103989124,0.00031085778027772903,-0.004976929631084204,-0.004480286501348019,-0.0004966431297361851
3.242500066757202,0.005448116920888424,0.005141515284776688,0.0003066016361117363,-0.004868984688073397,-0.004378098528832197,-0.0004908861592411995
3.25,0.005347131751477718,0.00506963487714529,0.000277496874332428,-0.004761043004691601,-0.004307576920837164,-0.0004534660838544369
3.257499933242798,0.0052461470477283,0.004997754003852606,0.0002483930438756943,-0.004653101786971092,-0.004237055312842131,-0.00041604647412896156
3.2649998664855957,0.005145162343978882,0.004925873596221209,0.00021928874775767326,-0.004545160103589296,-0.004166533704847097,-0.00037862639874219894
3.2725000381469727,0.005044173914939165,0.0048539903946220875,0.00019018352031707764,-0.004437215160578489,-0.004096010234206915,-0.0003412049263715744
3.2799999713897705,0.004943189211189747,0.00478210998699069,0.00016107922419905663,-0.004329273942857981,-0.004025488626211882,-0.0003037853166460991
3.2874999046325684,0.004842204507440329,0.004710229113698006,0.00013197539374232292,-0.004221332259476185,-0.003954967018216848,-0.00026636524125933647
3.2950000762939453,0.004741216544061899,0.004638346377760172,0.0001028701663017273,-0.004113387782126665,-0.0038844430819153786,-0.00022894470021128654
3.302500009536743,0.004640231374651194,0.004566465504467487,7.376587018370628e-05,-0.004005446098744869,-0.003813921706750989,-0.00019152439199388027
3.31000018119812,0.004539243411272764,0.0044945827685296535,4.466064274311066e-05,-0.003897501388564706,-0.003743397770449519,-0.0001541036181151867
3.317500114440918,0.004438258707523346,0.004422701895236969,1.5556812286376953e-05,-0.0037895599380135536,-0.003672876162454486,-0.00011668377555906773
3.325000047683716,0.00433727353811264,0.004350821487605572,-1.3547949492931366e-05,-0.0036816184874624014,-0.0036023547872900963,-7.926370017230511e-05
3.3324999809265137,0.004236288834363222,0.004278940614312887,-4.265177994966507e-05,-0.003573677036911249,-0.003531833179295063,-4.184385761618614e-05
3.3400001525878906,0.004135300870984793,0.004207057878375053,-7.17570073902607e-05,-0.003465732093900442,-0.003461309242993593,-4.4228509068489075e-06
3.3474998474121094,0.004034318961203098,0.004135179333388805,-0.00010086037218570709,-0.0033577941358089447,-0.0033907899633049965,3.299582749605179e-05
3.3550000190734863,0.003933330997824669,0.004063296597450972,-0.00012996559962630272,-0.0032498491927981377,-0.0033202662598341703,7.041706703603268e-05
3.362499952316284,0.003832346061244607,0.003991416189819574,-0.00015907012857496738,-0.0031419077422469854,-0.003249744651839137,0.00010783690959215164
3.369999885559082,0.0037313613574951887,0.00391953531652689,-0.0001881739590317011,-0.003033966291695833,-0.003179223043844104,0.0001452567521482706
3.377500057220459,0.0036303731612861156,0.0038476523477584124,-0.00021727918647229671,-0.00292602158151567,-0.0031086993403732777,0.00018267775885760784
3.384999990463257,0.003538982942700386,0.0037757717072963715,-0.0002367887645959854,-0.0028293607756495476,-0.0030381777323782444,0.00020881695672869682
3.3924999237060547,0.0035049195867031813,0.0037038910668343306,-0.0001989714801311493,-0.002800100715830922,-0.002967656124383211,0.000167555408552289
3.4000000953674316,0.0034708550665527582,0.0036320083308964968,-0.00016115326434373856,-0.0027708399575203657,-0.002897132420912385,0.00012629246339201927
3.4074997901916504,0.0034367928747087717,0.0035601297859102488,-0.00012333691120147705,-0.0027415810618549585,-0.0028266131412237883,8.503207936882973e-05
3.4149999618530273,0.0034027283545583487,0.003488247049972415,-8.551869541406631e-05,-0.0027123200707137585,-0.0027560892049223185,4.376913420855999e-05
3.422499895095825,0.0033686652313917875,0.0034244777634739876,-5.581253208220005e-05,-0.0026830602437257767,-0.00269483495503664,1.1774711310863495e-05
3.429999828338623,0.0033346018753945827,0.003376928623765707,-4.232674837112427e-05,-0.002653800416737795,-0.0026521116960793734,-1.6887206584215164e-06
3.4375,0.0033005373552441597,0.0033293776214122772,-2.8840266168117523e-05,-0.002624539425596595,-0.0026093872729688883,-1.5152152627706528e-05
3.445000171661377,0.0032664728350937366,0.003281826851889491,-1.5354016795754433e-05,-0.0025952786672860384,-0.0025666626170277596,-2.8616050258278847e-05
3.4524998664855957,0.00323241064324975,0.0032342791091650724,-1.8684659153223038e-06,-0.0025660197716206312,-0.0025239407550543547,-4.207901656627655e-05
3.4600000381469727,0.0031983463559299707,0.0031867283396422863,1.161801628768444e-05,-0.002536758780479431,-0.002481216099113226,-5.5542681366205215e-05
3.4675002098083496,0.0031642818357795477,0.0031391775701195,2.510426566004753e-05,-0.0025074980221688747,-0.002438491443172097,-6.900657899677753e-05
3.4749999046325684,0.003130219643935561,0.0030916298273950815,3.858981654047966e-05,-0.0024782391265034676,-0.0023957695811986923,-8.246954530477524e-05
3.4825000762939453,0.003096155123785138,0.0030440790578722954,5.207606591284275e-05,-0.0024489781353622675,-0.0023530451580882072,-9.593297727406025e-05
3.490000009536743,0.0030620917677879333,0.002996529685333371,6.556208245456219e-05,-0.0024197183083742857,-0.0023103218991309404,-0.00010939640924334526
3.497499942779541,0.0030280284117907286,0.0029489805456250906,7.904786616563797e-05,-0.002390458481386304,-0.0022675986401736736,-0.00012285984121263027
3.505000114440918,0.002993964124470949,0.0029014297761023045,9.253434836864471e-05,-0.002361197490245104,-0.002224873984232545,-0.00013632350601255894
3.512500047683716,0.0029599007684737444,0.0028538804035633802,0.00010602036491036415,-0.002331937663257122,-0.002182150725275278,-0.00014978693798184395
3.5199999809265137,0.0029258374124765396,0.002806331031024456,0.00011950638145208359,-0.0023026778362691402,-0.0021394274663180113,-0.00016325036995112896
3.5275001525878906,0.0028917728923261166,0.00275878026150167,0.00013299263082444668,-0.00227341684512794,-0.002096703043207526,-0.00017671380192041397
3.5350000858306885,0.0028577097691595554,0.0027112311217933893,0.00014647864736616611,-0.0022441570181399584,-0.0020539797842502594,-0.00019017723388969898
3.5425000190734863,0.0028236464131623507,0.002663681749254465,0.00015996466390788555,-0.0022148971911519766,-0.0020112565252929926,-0.000203640665858984
3.549999952316284,0.002789583057165146,0.002616132376715541,0.000173450680449605,-0.002185637131333351,-0.001968533266335726,-0.00021710386499762535
3.557500123977661,0.002755518537014723,0.0025685816071927547,0.00018693692982196808,-0.0021563763730227947,-0.0019258087268099189,-0.00023056764621287584
3.56499981880188,0.0027214563451707363,0.002521033864468336,0.0002004224807024002,-0.0021271174773573875,-0.001883086864836514,-0.00024403061252087355
3.572499990463257,0.0026873918250203133,0.00247348309494555,0.0002139087300747633,-0.0020978564862161875,-0.0018403622088953853,-0.0002574942773208022
3.5799999237060547,0.0026533284690231085,0.0024259337224066257,0.00022739474661648273,-0.0020685966592282057,-0.0017976389499381185,-0.0002709577092900872
3.5875000953674316,0.002619264181703329,0.0023783829528838396,0.00024088122881948948,-0.0020393359009176493,-0.0017549144104123116,-0.0002844214905053377
3.5950000286102295,0.0025852008257061243,0.002330833813175559,0.00025436701253056526,-0.002010075841099024,-0.0017121911514550447,-0.00029788468964397907
3.6024999618530273,0.0025511374697089195,0.0022886069491505623,0.00026253052055835724,-0.001980816014111042,-0.001674980972893536,-0.00030583504121750593
3.609999895095825,0.0025170741137117147,0.002257023472338915,0.0002600506413727999,-0.0019515560707077384,-0.001648794743232429,-0.00030276132747530937
3.617500066757202,0.0024830095935612917,0.002225438831374049,0.0002575707621872425,-0.001922295312397182,-0.0016226076986640692,-0.0002996876137331128
3.624999761581421,0.002448947401717305,0.0021938562858849764,0.0002550911158323288,-0.001893036300316453,-0.001596422283910215,-0.0002966140164062381
3.632499933242798,0.002414883114397526,0.0021622716449201107,0.0002526114694774151,-0.0018637754255905747,-0.001570235239341855,-0.0002935401862487197
3.640000104904175,0.0023808185942471027,0.0021306872367858887,0.00025013135746121407,-0.0018345146672800183,-0.0015440481947734952,-0.00029046647250652313
3.6474997997283936,0.0023467564024031162,0.002099104691296816,0.00024765171110630035,-0.0018052556551992893,-0.001517862780019641,-0.0002873928751796484
3.6549999713897705,0.002312691882252693,0.00206752005033195,0.000245171831920743,-0.001775994896888733,-0.001491675735451281,-0.00028431916143745184
3.6625001430511475,0.0022786275949329138,0.0020359354093670845,0.00024269218556582928,-0.0017467340221628547,-0.0014654886908829212,-0.00028124533127993345
3.6700000762939453,0.002244564238935709,0.002004351932555437,0.0002402123063802719,-0.001717474078759551,-0.0014393024612218142,-0.0002781716175377369
3.677500009536743,0.0022105008829385042,0.001972768222913146,0.0002377326600253582,-0.0016882142517715693,-0.001413116231560707,-0.00027509802021086216
3.68500018119812,0.002176436362788081,0.0019411836983636022,0.000235252664424479,-0.001658953377045691,-0.0013869291869923472,-0.00027202419005334377
3.692499876022339,0.0021423741709440947,0.0019096011528745294,0.0002327730180695653,-0.001629694364964962,-0.001360743772238493,-0.00026895059272646904
3.700000047683716,0.0021083096507936716,0.0018780166283249855,0.0002302930224686861,-0.0016004336066544056,-0.0013345567276701331,-0.0002658768789842725
